authors_char_id,author,male,phd_inst,phd_year,jel1_author,jel2_author,editor
1,1,0,PRINCETON,1995,H,I,0
2,2,1,STANFORD,1993,K,L,0
3,3,1,HARVARD,1995,E,F,0
4,4,1,UPENN,2002,G,F,0
5,5,1,HARVARD,1988,O,D,0
6,6,1,HEBREW,1977,D,C,0
7,7,1,MIT,2001,E,J,0
8,8,1,HARVARD,1985,D,L,0
9,9,1,MINNESOTA,2003,E,C,0
10,10,0,COLUMBIA,2001,I,J,0
11,11,1,NORTHWESTERN,1995,D,C,0
12,12,0,LSE,1990,J,I,0
13,13,0,HEBREW,2005,C,,0
14,14,1,AMHERST,1991,G,,0
15,15,1,NEW ECONOMIC SCHOOL,2000,D,L,0
16,16,1,ILLINOIS,1996,D,H,0
17,17,1,PARIS,1981,C,,0
18,18,1,HARVARD,1987,J,I,0
19,19,1,OXFORD,2000,G,,0
20,20,1,HARVARD,1978,H,K,0
21,21,1,HARVARD,1992,F,E,0
22,22,1,UPENN,1985,I,L,0
23,23,1,MIT,1971,H,E,0
24,24,1,MIT,1999,D,G,0
25,25,1,WARWICK,1985,C,,0
26,26,1,MINNESOTA,1987,C,E,0
27,27,1,BARCELONA,1983,C,,0
28,28,1,MIT,1999,C,H,0
29,29,1,HARVARD,1986,H,O,1
30,30,1,BOCCONI,1997,D,,0
31,31,1,CHICAGO,1993,D,G,0
32,32,1,MINNESOTA,1987,D,H,0
33,33,1,MINNESOTA,2003,E,H,0
34,34,0,UPENN,2000,D,J,0
35,35,1,NORTHWESTERN,1995,D,H,0
36,36,1,TOULOUSE,2001,D,L,0
37,37,1,PURDUE,1985,C,,0
38,38,1,PRINCETON,,,,0
39,39,1,BERKELEY,1974,N,,0
40,40,1,CHICAGO,2003,J,O,0
41,41,1,VIRGINIA,1996,E,,0
42,42,1,PRINCETON,1997,G,E,0
43,43,1,PRINCETON,2004,J,,0
44,44,1,PURDUE,2003,F,L,0
45,45,1,STANFORD,2001,D,,0
46,46,1,BUDAPEST,2003,J,,0
47,47,1,BERKELEY,1976,C,D,0
48,48,1,COLORADO,1986,I,H,0
49,49,1,CHICAGO,1998,G,,0
50,50,1,CHICAGO,1981,J,I,0
51,51,1,COLUMBIA,2003,D,C,0
52,52,1,UPENN,1996,H,D,0
53,53,1,STANFORD,1974,D,C,0
54,54,1,COLUMBIA,1988,O,F,0
55,55,1,MARYLAND,1995,F,E,0
56,56,1,MICHIGAN,1998,L,D,0
57,57,1,CHICAGO,1994,G,E,0
58,58,1,ILLINOIS,1989,C,L,0
59,59,0,MIT,2001,H,I,0
60,60,0,UNKNOWN,2000,D,Q,0
61,61,1,ROCHESTER,2000,E,,0
62,62,1,MANCHESTER,1981,Q,,0
63,63,1,STOCKHOLM,1981,J,I,0
64,64,1,COPENHAGEN,1996,G,C,0
65,65,1,BERKELEY,1980,C,,0
66,66,1,MIT,1990,J,I,0
67,67,1,UPENN,1998,J,H,0
68,68,1,STANFORD,1997,L,D,0
69,69,1,PRINCETON,2004,E,,0
70,70,1,HEIDELBERG,2000,Q,D,0
71,71,1,BONN,2003,D,L,0
72,72,1,MIT,1986,K,G,0
73,73,1,MINNESOTA,1972,D,,0
74,74,1,MIT,1993,H,G,0
75,75,1,STANFORD,1988,F,E,0
76,76,1,MIT,1978,E,G,0
77,77,1,STANFORD,1991,F,D,0
78,78,1,YALE,1981,D,E,0
79,79,1,BIRMINGHAM,1970,C,,0
80,80,1,BERKELEY,1988,J,O,0
81,81,1,CASE WESTERN,1972,L,K,0
82,82,1,OXFORD,1980,J,D,0
83,83,1,MIT,1986,F,G,0
84,84,1,STANFORD,1989,E,C,0
85,85,1,PRINCETON,1982,D,L,0
86,86,1,HARVARD,1994,G,,0
87,87,1,NORTHWESTERN,1974,D,,1
88,88,1,NYU,1973,D,C,0
89,89,1,HARVARD,1984,G,C,0
90,90,1,WARSAW,1975,C,,0
91,91,1,ROCHESTER,2000,D,,0
92,92,1,COLUMBIA,1989,E,H,0
93,93,1,Technion-Israel,1996,C,D,0
94,94,1,MIT,1996,E,G,0
95,95,0,CALTECH,2001,H,D,0
96,96,1,MIT,1989,G,E,1
97,97,0,STANFORD,2000,O,I,0
98,98,0,BONN,1996,H,I,0
99,99,0,BARCELONA,1998,C,,0
100,100,0,CHICAGO,1994,G,O,0
101,101,0,PRINCETON,1992,G,E,0
102,102,0,PRINCETON,1988,H,J,0
103,103,0,MINNESOTA,1986,G,E,0
104,104,0,MIT,1998,G,E,0
105,105,0,CORNELL,1994,H,J,0
106,106,1,,1995,Q,,0
107,107,1,PARIS,1984,C,D,0
108,108,1,PARIS,1993,D,I,0
109,109,1,TOULOUSE,1995,L,D,0
110,110,0,CHICAGO,2000,G,L,0
111,111,1,MINNESOTA,1975,D,,0
112,112,1,UPF,2000,C,D,0
113,113,1,HARVARD,1993,F,O,0
114,114,1,UCSD,1993,D,L,0
115,115,1,STANFORD,1994,E,F,0
116,116,1,STANFORD,1994,G,,0
117,117,1,HARVARD,1993,E,F,0
118,118,1,NYU,2002,G,D,0
119,119,1,UCL,1998,D,C,0
120,120,1,NYU,1992,H,D,0
121,121,1,HARVARD,1997,D,H,0
122,122,1,TILBURG,1992,D,,0
123,123,1,CHICAGO,2003,K,I,0
124,124,1,PRINCETON,2004,O,C,0
125,125,1,NORTHWESTERN,2002,E,,0
126,126,1,HARVARD,1979,C,L,0
127,127,1,HEBREW,1979,C,D,0
128,128,1,NORTHWESTERN,2005,L,,0
129,129,1,PRINCETON,2002,O,D,0
130,130,1,HARVARD,1997,G,,0
131,131,1,ZURICH,1999,D,H,0
132,132,1,BERKELEY,1998,Q,,0
133,133,1,,,,,0
134,134,1,MIT,1974,C,D,0
135,135,1,MIT,1984,C,,0
136,136,1,HARVARD,1983,G,E,0
137,137,1,PRINCETON,1987,C,D,0
138,138,1,MIT,1998,G,F,0
139,139,1,STANFORD,1980,D,L,0
140,140,1,BU,1988,G,,0
141,141,1,HARVARD,2001,G,O,0
142,142,1,CHICAGO,1969,F,O,0
143,143,1,SSE,1963,E,O,0
144,144,1,MIT,1990,E,,0
145,145,1,MIT,2001,G,O,0
146,146,1,ROCHESTER,2000,D,I,0
147,147,1,UPENN,1996,C,E,0
148,148,1,HARVARD,1991,D,,0
149,149,1,PRINCETON,2003,D,H,0
150,150,0,UCLA,1987,J,,0
151,151,1,MIT,1995,H,E,0
152,152,1,TEL AVIV,1995,C,D,0
153,153,1,MIT,1968,D,F,0
154,154,1,HARVARD,1997,D,L,0
155,155,1,HEBREW,1972,D,C,0
156,156,1,MAGDEBRUG,1998,D,,0
157,157,0,MINNESOTA,1988,E,,0
158,158,1,TEXAS,1989,C,,0
159,159,1,MIT,1982,H,D,1
160,160,1,IOWA,1989,O,E,0
161,161,1,OXFORD,1982,D,C,0
162,162,1,IOWA,1988,D,,0
163,163,1,NYU,2001,E,O,0
164,164,1,COLUMBIA,1993,E,G,0
165,165,1,STANFORD,1993,J,I,0
166,166,1,MICHIGAN,1985,D,C,0
167,167,0,YALE,1999,F,D,0
168,168,0,BASEL,1993,E,G,0
169,169,1,BROWN,1984,E,F,0
170,170,1,MIT,1979,E,,1
171,171,1,UVA,1995,G,,0
172,172,1,HARVARD,1992,D,N,0
173,173,1,VIENNA,1979,C,,0
174,174,1,HARVARD,2004,O,H,0
175,175,1,MIT,2003,O,E,0
176,176,1,BONN,1991,D,,0
177,177,1,COPENHAGEN,1991,E,C,0
178,178,1,COPENHAGEN,1997,C,,0
179,179,1,MIT,1988,D,L,0
180,180,1,BERKELEY,1979,J,C,0
181,181,1,PARIS,1988,L,J,0
182,182,1,MUNICH,1994,C,D,0
183,183,1,GENEVE,2000,E,,0
184,184,0,HARVARD,2003,J,I,0
185,185,0,MINNESOTA,1990,E,F,0
186,186,1,CHICAGO,1989,G,O,0
187,187,1,DELHI,1978,D,C,0
188,188,1,PRINCETON,2000,G,,0
189,189,1,CHICAGO,1997,E,,0
190,190,0,COPENHAGEN,1968,D,C,0
191,191,1,,,,,0
192,192,1,CHICAGO,1987,C,,0
193,193,1,NYU,2004,C,D,0
194,194,1,MIT,2000,D,,0
195,195,1,CHICAGO,1979,E,D,0
196,196,1,CHICAGO,1991,G,C,0
197,197,1,BERKELEY,2002,G,,0
198,198,1,HARVARD,1980,R,K,0
199,199,1,CHICAGO,2001,J,I,0
200,200,1,HARVARD,1976,Q,,0
201,201,1,,,,,0
202,202,1,MADISON,2000,H,D,0
203,203,1,George Mason,1986,H,D,0
204,204,1,STANFORD,1987,F,Q,0
205,205,1,MIT,1997,E,G,0
206,206,0,MIT,1993,H,J,0
207,207,1,HARVARD,1998,J,,0
208,208,1,DAVIS,1995,F,,0
209,209,1,CHICAGO,1996,J,D,0
210,210,1,MIT,1987,H,J,0
211,211,1,YALE,1989,C,,0
212,212,1,HARVARD,1988,K,,0
213,213,1,PRINCETON,2003,E,C,0
214,214,1,HARVARD,1997,J,K,0
215,215,1,PRINCETON,1972,R,L,0
216,216,1,PARIS,1989,G,H,0
217,217,1,UCSD,1994,D,,0
218,218,1,NORTHWESTERN,1996,M,L,0
219,219,1,PARIS,1994,J,C,0
220,220,1,HARVARD,1988,L,D,0
221,221,1,BASEL,1969,J,H,0
222,222,1,VIRGINIA,1993,J,D,0
223,223,1,ROCHESTER,2002,E,J,0
224,224,1,STOCKHOLM,2003,C,P,0
225,225,1,HARVARD,2002,F,G,0
226,226,1,YALE,1998,L,C,0
227,227,1,TEXAS,2000,D,C,0
228,228,1,YALE,1989,J,D,1
229,229,1,BERKELEY,1976,E,,0
230,230,1,TEXAS,1999,N,,0
231,231,1,CHICAGO,1987,F,O,0
232,232,1,VALLADOLID,1997,C,,0
233,233,1,MINNESOTA,1998,J,G,0
234,234,1,LSE,1997,C,,0
235,235,0,COLUMBIA,1988,E,G,0
236,236,0,PRINCETON,1997,J,,0
237,237,0,YALE,1999,N,,0
238,238,0,COLUMBIA,1997,F,O,0
239,239,0,MIT,1994,H,J,0
240,240,0,CARNEGIE MELLON,1996,C,M,0
241,241,0,HARVARD,1999,F,L,0
242,242,1,BERLIN,2002,C,F,0
243,243,1,ARIZONA,2001,D,G,0
244,244,1,CHICAGO,1993,J,,0
245,245,0,VIRGINIA,1983,H,D,0
246,246,0,HARVARD,1992,I,J,0
247,247,1,MARYLAND,2001,D,L,0
248,248,1,HEBREW,1983,L,,0
249,249,1,BERKELEY,1998,O,E,0
250,250,1,STANFORD,2001,E,C,0
251,251,1,CARNEGIE MELLON,1977,H,D,0
252,252,1,BERKELEY,1983,F,E,0
253,253,1,MIT,1973,C,J,0
254,254,1,MINNESOTA,1981,C,E,0
255,255,1,MIT,1993,E,O,0
256,256,1,CARNEGIE MELLON,1988,E,F,0
257,257,1,MADISON,1994,C,J,0
258,258,1,,,,,0
259,259,1,CALTECH,1993,C,D,0
260,260,1,,,,,0
261,261,1,VIRGINIA,1965,H,D,0
262,262,1,HARVARD,1974,I,H,0
263,263,1,STANFORD,1985,G,E,0
264,264,1,MINNESOTA,1999,D,C,0
265,265,0,BROWN,1998,G,,0
266,266,1,HARVARD,1991,G,F,0
267,267,1,UBC,1981,D,C,0
268,268,0,HARVARD,1993,D,C,0
269,269,0,UPF,2000,H,G,0
270,270,1,SUNY,1983,C,,0
271,271,0,MICHIGAN,2001,C,,0
272,272,1,MICHIGAN,2002,F,L,0
273,273,1,UVA,1992,O,C,0
274,274,1,QUEENS,1992,G,E,0
275,275,1,STANFORD,1992,C,D,0
276,276,1,CORNELL,1990,J,C,0
277,277,1,MIT,2001,F,,0
278,278,1,LOUVAIN,1988,J,,0
279,279,1,MIT,2004,C,,0
280,280,1,LSE,2002,D,,0
281,281,1,PRINCETON,2005,E,G,0
282,282,1,PARIS,1967,H,E,0
283,283,0,MIT,1985,E,,0
284,284,0,COLUMBIA,1988,J,I,0
285,285,0,QUEENS,1995,G,C,0
286,286,0,HARVARD,2001,H,J,0
287,287,1,HARVARD,1980,H,E,0
288,288,1,HARVARD,1968,C,E,0
289,289,1,STANFORD,1993,I,C,0
290,290,1,CHICAGO,1990,G,,0
291,291,1,MIT,1990,H,E,0
292,292,1,HARVARD,1990,E,N,0
293,293,1,OXFORD,1984,C,D,0
294,294,1,CHICAGO,1993,E,,0
295,295,1,CHICAGO,1984,J,,0
296,296,1,BERKELEY,1984,J,I,0
297,297,1,WASHINGTON,1985,E,H,0
298,298,1,BU,2001,E,D,0
299,299,1,BERKELEY,2001,E,N,0
300,300,1,MIT,1993,R,G,0
301,301,1,IOWA,1999,E,F,0
302,302,1,CHICAGO,1990,D,L,0
303,303,1,CHICAGO,1998,G,E,0
304,304,1,BERKELEY,1999,L,,0
305,305,1,CHICAGO,1995,J,,0
306,306,1,STANFORD,1997,L,R,0
307,307,1,TEXAS,1994,O,J,0
308,308,1,LIVERPOOL,,G,E,0
309,309,1,ESSEX,2001,H,F,0
310,310,1,MIT,1990,C,L,0
311,311,0,UPENN,2002,G,F,0
312,312,0,CHICAGO,1972,J,N,0
313,313,0,UPENN,2001,J,E,0
314,314,1,OXFORD,1988,D,,0
315,315,1,LSE,1998,J,E,0
316,316,1,Karlsruhe,1990,D,C,0
317,317,1,PRINCETON,1985,C,,0
318,318,1,BERKELEY,1979,D,,0
319,319,1,UVA,1990,J,,0
320,320,1,CHICAGO,1981,G,D,0
321,321,1,BARCELONA,2005,C,D,0
322,322,1,DUBLIN,1970,N,Q,0
323,323,1,MANCHESTER,1985,J,C,1
324,324,1,UBC,1996,H,J,0
325,325,1,NORTHWESTERN,1991,E,O,0
326,326,1,MARYLAND,2004,Q,,0
327,327,1,MICHIGAN,2006,G,,0
328,328,1,HARVARD,2003,I,O,0
329,329,1,MARYLAND,2000,H,,0
330,330,1,YALE,1992,D,C,0
331,331,1,IOWA,1944,O,Q,0
332,332,1,TORONTO,1973,C,,0
333,333,1,PURDUE,1973,L,D,0
334,334,1,HARVARD,1955,E,H,0
335,335,1,MICHIGAN,1989,Q,,0
336,336,1,PURDUE,1983,J,H,0
337,337,1,DUKE,1998,D,H,0
338,338,1,CARNEGIE MELLON,1986,L,G,0
339,339,1,MIT,1982,D,L,0
340,340,1,NORTHWESTERN,2002,H,O,0
341,341,1,UPENN,2002,H,D,0
342,342,1,NORTHWESTERN,2000,D,J,0
343,343,1,STANFORD,1995,D,I,0
344,344,1,PRINCETON,1985,F,H,0
345,345,1,YALE,1997,L,D,0
346,346,1,MIT,2002,G,,0
347,347,1,UCSD,2003,E,J,0
348,348,1,ROCHESTER,1995,H,D,0
349,349,1,NORTHWESTERN,1979,F,L,0
350,350,1,MINNESOTA,1998,D,H,0
351,351,1,UCSD,2003,E,,0
352,352,1,MIT,1994,J,I,0
353,353,1,LSE,2001,F,H,0
354,354,1,SYRACUSE,1994,F,L,0
355,355,1,YALE,1969,J,,0
356,356,1,CARNEGIE MELLON,1976,K,,0
357,357,1,UCLA,1989,F,,0
358,358,1,HARVARD,1995,H,,0
359,359,1,ROCHESTER,2000,J,,0
360,360,1,HARVARD,2000,J,H,0
361,361,1,ROMA,1990,E,,0
362,362,1,CHICAGO,2000,I,L,0
363,363,1,LSE,1992,H,O,0
364,364,1,STANFORD,1984,D,G,0
365,365,1,BERKELEY,2000,J,,0
366,366,1,STANFORD,1990,J,N,0
367,367,1,BROWN,1956,E,,0
368,368,1,ONTARIO,1994,E,,0
369,369,1,CAMBRIDGE,1978,H,O,0
370,370,1,MIT,1995,D,G,0
371,371,1,BROWN,1991,J,I,0
372,372,1,PRINCETON,1983,J,I,1
373,373,1,NYU,1983,E,O,0
374,374,1,STANFORD,1983,I,L,0
375,375,1,PRINCETON,1980,D,L,0
376,376,1,MICHIGAN,1991,F,G,0
377,377,1,IOWA,1976,H,,0
378,378,1,NORTHWESTERN,1979,D,,0
379,379,1,PRINCETON,1991,L,,0
380,380,1,HARVARD,1999,I,J,0
381,381,1,MIT,1985,E,,0
382,382,1,MICHIGAN,1995,F,,0
383,383,1,MIT,1994,E,D,0
384,384,1,COLORADO,1997,J,,0
385,385,1,PRINCETON,1992,D,M,0
386,386,1,MIT,1981,D,C,1
387,387,1,CHICAGO,1995,G,,0
388,388,1,COLORADO,1997,F,N,0
389,389,1,CORNELL,1994,C,,0
390,390,1,MIT,1996,D,,0
391,391,1,MIT,2000,J,,0
392,392,1,MIT,1993,D,R,0
393,393,1,DARTMOUTH,2006,J,,0
394,394,1,TOULOUSE,1992,L,,0
395,395,1,LYON,2002,D,H,0
396,396,1,BERKELEY,1991,O,C,0
397,397,1,STANFORD,2001,D,L,0
398,398,1,MADISON,1995,J,I,0
399,399,1,VIRGINIA,1980,H,J,0
400,400,1,HARVARD,1990,E,O,0
401,401,1,INDIANA,1968,L,G,0
402,402,1,OXFORD,1999,D,M,0
403,403,1,PARIS,1991,D,L,0
404,404,1,YALE,1997,R,L,0
405,405,1,MINNESOTA,1990,J,H,0
406,406,1,PRINCETON,1999,J,C,0
407,407,1,HEBREW,1970,C,,0
408,408,1,OXFORD,1968,E,J,0
409,409,1,LSE,1996,L,G,0
410,410,1,PRINCETON,1999,P,C,0
411,411,1,PARIS,2000,G,,0
412,412,1,HARVARD,1979,D,,0
413,413,1,VIRGINIA,,,,0
414,414,1,MINNESOTA,1987,C,D,0
415,415,1,IOWA,1976,H,F,0
416,416,1,LOUVAIN,1992,E,J,0
417,417,1,YALE,1990,E,C,0
418,418,1,MIT,2002,O,H,0
419,419,1,WASHINGTON,1987,K,R,0
420,420,1,STANFORD,1997,G,E,0
421,421,1,PRINCETON,1994,C,J,0
422,422,0,BERKELEY,1994,D,L,0
423,423,0,BERKELEY,1986,L,I,0
424,424,1,CORNELL,1983,O,D,0
425,425,0,LONDON,2002,J,I,0
426,426,1,,,,,0
427,427,1,PRINCETON,1975,H,I,0
428,428,1,,,,,0
429,429,1,CHICAGO,1994,E,O,0
430,430,1,MANCHESTER,1980,J,,0
431,431,0,COLORADO,1994,L,K,0
432,432,1,HARVARD,2000,O,E,0
433,433,1,LSE,1997,O,R,0
434,434,1,MINNESOTA,1998,E,O,0
435,435,1,PRINCETON,1983,L,D,0
436,436,1,LSE,1982,O,,0
437,437,1,MIT,1993,G,C,0
438,438,1,STANFORD,1990,C,,0
439,439,1,Indian Statistical Institute,2000,C,,0
440,440,1,UPENN,1994,C,D,0
441,441,1,BERLIN,2000,C,D,0
442,442,1,MINNESOTA,1998,F,E,0
443,443,1,MIT,2000,H,E,0
444,444,1,PENN STATE,2004,D,C,0
445,445,1,UPENN,1999,O,G,0
446,446,1,UVA,1980,C,,0
447,447,1,HARVARD,1970,C,,0
448,448,1,NORTH CAROLINA,1995,I,,0
449,449,1,MIT,1968,C,D,0
450,450,1,CHICAGO,1987,I,,0
451,451,1,MADISON,1989,G,E,0
452,452,1,COLUMBIA,1992,F,E,0
453,453,1,BERKELEY,1982,C,,0
454,454,1,UPENN,2001,J,C,0
455,455,0,CHICAGO,1993,N,O,0
456,456,1,LSE,1990,J,D,0
457,457,1,BERKELEY,2002,J,H,0
458,458,1,CAMBRIDGE,1975,G,E,0
459,459,1,CAMBRIDGE,1996,Q,O,0
460,460,1,CHICAGO,1977,E,H,0
461,461,1,MIT,1990,I,J,0
462,462,1,YALE,1980,G,,0
463,463,1,HEBREW,1981,D,C,0
464,464,1,HARVARD,1983,D,C,0
465,465,1,MIT,1981,C,D,1
466,466,1,ARIZONA,1999,G,,0
467,467,1,MANCHESTER,2002,C,,0
468,468,1,UCLA,1977,L,G,0
469,469,0,MIT,2003,H,,0
470,470,1,BONN,1994,H,F,0
471,471,1,EUI,1996,C,D,0
472,472,1,HARVARD,1986,C,H,1
473,473,1,CHICAGO,1971,D,C,0
474,474,1,OXFORD,2000,N,E,0
475,475,1,UPENN,1996,E,G,0
476,476,1,MIT,1991,E,H,0
477,477,1,CORNELL,1999,C,D,0
478,478,1,CARNEGIE MELLON,1967,E,H,0
479,479,1,ILLINOIS,1988,C,D,0
480,480,1,CARNEGIE MELLON,1977,C,D,0
481,481,1,QUEENS,1999,O,L,0
482,482,1,CHICAGO,1992,R,O,1
483,483,1,HARVARD,2000,O,H,0
484,484,1,HARVARD,1974,J,D,0
485,485,1,CHICAGO,1995,D,G,0
486,486,1,CHICAGO,2000,C,,0
487,487,1,,,,,0
488,488,1,STANFORD,1991,F,L,0
489,489,1,CORNELL,1995,C,H,0
490,490,1,CHICAGO,2005,G,,0
491,491,1,MIT,1974,H,,0
492,492,1,BERLIN,1990,C,,0
493,493,1,VIENNA,1971,D,L,0
494,494,1,CORNELL,1972,C,D,0
495,495,1,TEL AVIV,1987,C,,0
496,496,0,HARVARD,1999,H,O,0
497,497,0,NORTHWESTERN,1995,C,,0
498,498,0,HARVARD,2001,G,,0
499,499,1,HARVARD,1974,F,,0
500,500,1,HARVARD,1993,J,O,0
501,501,1,HEBREW,1980,Q,D,0
502,502,0,UCLA,2001,L,K,0
503,503,0,HARVARD,1999,O,,0
504,504,1,NORTHWESTERN,1999,C,D,0
505,505,1,PENN STATE,2002,C,D,0
506,506,0,MICHIGAN,1991,H,R,0
507,507,0,UCSB,2006,I,,0
508,508,0,YALE,2002,O,,0
509,509,0,STANFORD,1989,E,H,0
510,510,1,MADISON,2002,F,H,0
511,511,1,TILBURG,2000,D,L,0
512,512,0,HARVARD,2006,I,O,0
513,513,1,HARVARD,2006,D,I,0
514,514,1,MIT,2006,E,G,0
515,515,1,PARIS,1989,C,,0
516,516,1,MIT,1999,H,,0
517,517,0,TOULOUSE,1992,L,J,0
518,518,1,MADISON,1983,C,,0
519,519,1,HEIDELBERG,1985,C,,0
520,520,1,BERKELEY,2000,J,I,0
521,521,1,MIT,1990,G,H,0
522,522,1,HARVARD,1993,H,O,0
523,523,1,LSE,1991,G,,0
524,524,0,NORTHWESTERN,1995,H,,0
525,525,1,HEBREW,1992,E,J,0
526,526,1,MIT,1968,E,J,0
527,527,1,MIT,2000,I,,0
528,528,1,CHICAGO,1996,I,J,0
529,529,1,CARNEGIE MELLON,1990,G,C,0
530,530,1,HARVARD,1976,D,,0
531,531,1,PARIS,1996,C,,0
532,532,1,BERKELEY,1985,E,F,0
533,533,1,MADISON,1986,E,G,0
534,534,1,STANFORD,1998,E,G,0
535,535,1,STANFORD,2001,L,,0
536,536,1,HARVARD,2005,H,E,0
537,537,1,MIT,2001,D,G,0
538,538,1,HARVARD,1989,F,E,0
539,539,1,YALE,1990,O,J,0
540,540,1,MIT,1991,D,L,0
541,541,1,BERKELEY,2003,D,,0
542,542,1,MICHIGAN,1999,E,,0
543,543,1,UVA,1997,I,J,0
544,544,1,NYU,2010,O,H,0
545,545,1,OXFORD,2003,H,O,0
546,546,1,,,,,0
547,547,1,HARVARD,1998,L,,0
548,548,1,VIENNA,1982,D,,0
549,549,1,LSE,1992,G,,0
550,550,1,BONN,1991,G,,0
551,551,1,HARVARD,1998,H,J,0
552,552,1,CHICAGO,1992,E,G,0
553,553,1,CHICAGO,2002,E,F,0
554,554,0,MIT,1999,O,,0
555,555,1,LSE,1997,J,E,0
556,556,1,YALE,2001,L,J,0
557,557,1,NORTHWESTERN,1996,L,D,0
558,558,1,BERKELEY,1996,Q,D,0
559,559,1,VIRGINIA,2002,D,L,0
560,560,0,PARIS,1995,J,H,0
561,561,0,TUBINGEN,1999,D,J,0
562,562,1,HEBREW,1989,D,L,0
563,563,1,CHICAGO,1995,L,H,0
564,564,1,STANFORD,1998,L,J,0
565,565,1,PARIS,1998,J,,0
566,566,1,BERKELEY,1999,E,F,0
567,567,1,CATTOLICA,1999,C,,0
568,568,1,LSE,1986,G,E,0
569,569,1,LSE,1981,D,E,0
570,570,1,UPENN,1999,E,,0
571,571,1,LSE,1994,E,O,0
572,572,1,CHICAGO,1985,N,E,0
573,573,1,PRINCETON,1986,D,H,0
574,574,1,MIT,1995,L,G,0
575,575,1,BERKELEY,2000,D,C,0
576,576,1,UCLA,2000,L,F,0
577,577,1,YALE,1999,G,C,0
578,578,1,NYU,2001,E,,0
579,579,1,MIT,1991,F,E,0
580,580,1,YALE,1999,D,C,0
581,581,1,ZURICH,1996,G,M,0
582,582,1,MINNESOTA,1994,E,G,1
583,583,1,CARNEGIE MELLON,1973,E,H,0
584,584,1,HARVARD,1993,G,L,0
585,585,1,MIT,1996,M,D,0
586,586,0,UVA,2000,I,,0
587,587,1,BARCELONA,1995,C,,0
588,588,0,TURIN,2005,I,J,0
589,589,1,HARVARD,1997,J,E,0
590,590,1,MIT,1978,E,G,0
591,591,1,HARVARD,2006,E,H,0
592,592,1,UPENN,1991,D,C,0
593,593,1,PARIS,1994,J,C,0
594,594,1,UPENN,1986,G,C,0
595,595,1,VALENCIA,1985,F,L,0
596,596,1,,,,,0
597,597,1,PARIS,1993,E,,0
598,598,1,STANFORD,1992,E,N,0
599,599,0,LOUVAIN,1984,C,,0
600,600,1,CAMBRIDGE,1977,O,,0
601,601,1,HARVARD,1969,I,K,0
602,602,1,HARVARD,1988,L,C,0
603,603,1,ILLINOIS,1980,D,G,0
604,604,1,BONN,1989,E,,0
605,605,1,ROTTERDAM,1994,C,,0
606,606,1,YALE,1969,R,J,0
607,607,1,YALE,1998,C,E,0
608,608,1,OXFORD,1979,G,,0
609,609,1,ONTARIO,1971,O,I,0
610,610,1,NOTRE-DAME DE LA PAIX,1994,I,P,0
611,611,1,NHH,1995,L,,0
612,612,1,,,,,0
613,613,1,UCSD,1996,E,,0
614,614,1,EUI,1995,C,,0
615,615,0,PARIS,1986,C,,0
616,616,1,HARVARD,1997,J,E,0
617,617,1,STANFORD,1987,F,E,0
618,618,1,UBC,1995,J,,0
619,619,1,HARVARD,1975,C,D,0
620,620,1,BERKELEY,1996,D,,0
621,621,1,MINNESOTA,1986,E,J,0
622,622,1,UPENN,1976,Q,N,0
623,623,1,CARNEGIE MELLON,1990,D,,0
624,624,1,ROCHESTER,1983,E,G,0
625,625,1,CHICAGO,1955,J,D,0
626,626,1,PRINCETON,1983,J,,0
627,627,1,YALE,1995,L,I,0
628,628,1,NORTHWESTERN,1995,C,,0
629,629,1,UVA,1987,C,J,0
630,630,1,MIT,1980,E,F,0
631,631,1,MIT,1966,D,,0
632,632,1,VIRGINIA,1970,L,D,0
633,633,1,CHICAGO,1997,E,C,0
634,634,1,COLUMBIA,1975,J,,0
635,635,1,PRINCETON,1985,D,,0
636,636,1,YALE,1985,D,C,0
637,637,1,INDIANA,1975,G,,0
638,638,1,HARVARD,1986,M,D,0
639,639,1,HARVARD,1991,D,M,0
640,640,1,HARVARD,2001,H,E,0
641,641,1,,,,,0
642,642,1,UPENN,1972,D,L,0
643,643,1,TILBURG,1990,J,C,0
644,644,1,ROCHESTER,2000,L,,0
645,645,1,ULB,1988,H,E,0
646,646,1,COLUMBIA,2000,E,F,0
647,647,1,HARVARD,2009,H,,0
648,648,1,PARIS,1990,J,,0
649,649,1,ROCHESTER,2000,G,E,0
650,650,1,HARVARD,1991,E,H,0
651,651,1,YALE,1992,F,E,0
652,652,1,OXFORD,1989,H,I,0
653,653,1,HEBREW,1983,C,,0
654,654,0,PRINCETON,1999,H,D,0
655,655,1,LSE,1997,R,,0
656,656,1,PARIS,1971,N,,0
657,657,1,MIT,1990,J,E,0
658,658,0,UCLA,2000,I,J,0
659,659,1,PRINCETON,2004,E,H,0
660,660,1,CHICAGO,1996,D,J,0
661,661,1,UPENN,1997,E,,0
662,662,1,STANFORD,1994,F,L,0
663,663,1,MIT,1996,D,J,0
664,664,1,MIT,1976,J,,0
665,665,1,MIT,1992,D,G,1
666,666,1,ROCHESTER,1979,J,,0
667,667,1,UCLA,1982,H,D,0
668,668,1,LSE,1999,D,C,0
669,669,1,PRINCETON,1998,J,,0
670,670,1,DAVIS,1971,Q,,0
671,671,1,MIT,1992,J,F,0
672,672,1,HARVARD,1994,C,,0
673,673,1,MICHIGAN,1974,H,J,0
674,674,1,HARVARD,1985,N,,0
675,675,1,JOHNS HOPKINS,1990,E,H,0
676,676,1,BERKELEY,1992,L,R,0
677,677,1,STANFORD,1998,L,D,0
678,678,1,YALE,1997,C,,0
679,679,1,UCLA,1984,H,E,0
680,680,1,BROWN,1991,C,,0
681,681,1,OHIO,2002,C,D,0
682,682,1,PARIS,1998,E,H,0
683,683,1,ROCHESTER,2004,E,O,0
684,684,1,YALE,1974,E,,0
685,685,1,HARVARD,2007,,,0
686,686,1,CHICAGO,1994,G,,0
687,687,0,STANFORD,1999,Q,O,0
688,688,1,MIT,1990,D,L,0
689,689,1,YALE,1980,G,C,0
690,690,1,LAVAL,1990,J,H,0
691,691,1,PARIS,1971,E,C,0
692,692,1,COLUMBIA,1993,E,J,0
693,693,1,HARVARD,1969,C,,0
694,694,1,HARVARD,1967,G,C,0
695,695,1,CITY NEW YORK,1989,J,K,0
696,696,1,MICHIGAN,1970,C,D,0
697,697,1,WARSAW,2000,C,,0
698,698,1,MIT,1976,C,G,0
699,699,1,PRINCETON,2003,C,,0
700,700,1,CAMBRIDGE,1987,D,C,0
701,701,1,STANFORD,1998,C,,0
702,702,1,CHICAGO,1989,O,,0
703,703,1,UPENN,2000,D,J,0
704,704,1,University of Erlangen & Nuurnberg,1978,D,C,0
705,705,1,PARIS,1994,H,G,0
706,706,1,OXFORD,1996,N,G,0
707,707,0,CHICAGO,1995,D,,0
708,708,1,,,,,0
709,709,1,MINNESOTA,1990,E,C,0
710,710,1,ROCHESTER,1986,E,,0
711,711,1,,,I,P,0
712,712,1,ILLINOIS,1980,D,G,0
713,713,1,MIT,1997,G,,0
714,714,1,MIT,2000,G,,0
715,715,1,ILLINOIS,1997,D,C,0
716,716,0,CORNELL,1999,C,E,0
717,717,1,BONN,1987,D,,0
718,718,1,BIELEFELD,1981,C,,0
719,719,1,STANFORD,1991,E,F,0
720,720,1,SSE,1983,F,L,0
721,721,1,AARHUS,1995,E,H,0
722,722,1,LSE,2000,R,F,0
723,723,1,PRINCETON,1977,J,C,0
724,724,1,HARVARD,1969,D,C,0
725,725,1,PARIS,1975,C,,0
726,726,1,STANFORD,1999,L,M,0
727,727,1,MIT,1993,Q,H,0
728,728,0,STANFORD,1992,H,J,0
729,729,1,BONN,1974,D,C,0
730,730,1,UTAH,1983,Z,,0
731,731,1,TOKYO,1988,D,,0
732,732,1,ST.GALLEN,1997,G,C,0
733,733,1,CARNEGIE MELLON,1996,H,,0
734,734,1,STANFORD,1997,G,L,0
735,735,0,CITY NEW YORK,1979,I,K,0
736,736,1,UCL,1995,C,H,0
737,737,1,MIT,1964,H,,0
738,738,1,STANFORD,1991,L,,0
739,739,0,MINNESOTA,2001,H,D,0
740,740,1,DAVIS,2000,Q,H,0
741,741,1,MIT,1989,E,G,0
742,742,1,FLORIDA,2000,L,H,0
743,743,1,QUEENS,1993,E,O,0
744,744,0,OXFORD,1988,G,C,0
745,745,1,YALE,1998,C,,0
746,746,1,,,,,0
747,747,0,LSE,1998,F,E,0
748,748,1,STANFORD,1999,G,,0
749,749,1,UCL,1997,D,,0
750,750,1,PRINCETON,1986,L,D,0
751,751,1,CHICAGO,1993,R,Q,0
752,752,1,UPENN,2001,D,G,0
753,753,1,HEBREW,2002,Q,,0
754,754,1,HARVARD,1994,L,,0
755,755,1,LSE,1995,C,,0
756,756,1,CHICAGO,1995,C,D,0
757,757,1,UPENN,1985,E,,0
758,758,1,NORTHWESTERN,2000,C,D,0
759,759,1,PRINCETON,1996,E,F,0
760,760,1,HARVARD,1995,D,L,0
761,761,0,HARVARD,2007,K,J,0
762,762,1,LSE,2003,J,H,0
763,763,1,MINNESOTA,1993,D,L,0
764,764,0,Limburgs Universitair Centrum,1998,C,,0
765,765,0,TOULOUSE,1991,L,C,0
766,766,1,BERKELEY,1990,Q,,0
767,767,1,DUKE,1987,M,D,0
768,768,1,TEL AVIV,1987,D,,0
769,769,1,CHICAGO,1991,G,,0
770,770,1,MIT,2005,C,J,0
771,771,1,CHICAGO,2002,E,C,0
772,772,1,WARWICK,2004,J,H,0
773,773,1,STANFORD,1993,F,L,0
774,774,1,UPENN,1996,G,J,0
775,775,1,COLUMBIA,1959,C,,0
776,776,1,OXFORD,1978,E,F,0
777,777,1,CHICAGO,1972,R,,0
778,778,1,UVA,1997,C,,0
779,779,1,BERKELEY,1997,M,,0
780,780,1,MIT,1996,C,M,0
781,781,1,NORTHWESTERN,1986,L,D,0
782,782,1,UVA,1997,D,C,0
783,783,1,UBC,2001,G,C,0
784,784,0,UCLA,1974,,,0
785,785,1,MIT,1977,L,H,0
786,786,1,LIEGE,1975,L,R,0
787,787,1,MIT,1992,F,E,0
788,788,1,BU,1990,E,,0
789,789,1,YALE,1988,G,D,0
790,790,1,SSE,1996,O,E,0
791,791,1,MIT,1986,E,O,0
792,792,1,YALE,1993,H,O,0
793,793,1,MINNESOTA,1986,L,,0
794,794,1,MICHIGAN,1986,D,C,0
795,795,1,BERKELEY,1993,L,,0
796,796,1,AMHERST,1985,M,J,0
797,797,1,UCL,1999,I,J,0
798,798,1,NORTHWESTERN,1986,D,,0
799,799,1,STANFORD,1993,G,,0
800,800,1,BERKELEY,1983,E,C,0
801,801,1,LSE,1975,C,,0
802,802,1,PRINCETON,1987,G,,0
803,803,1,MADISON,1969,F,N,0
804,804,1,YALE,1985,F,O,0
805,805,1,BERKELEY,1983,C,,0
806,806,1,UCLA,1991,F,E,0
807,807,1,PRINCETON,1971,J,C,0
808,808,1,UCLA,1998,D,H,0
809,809,1,STANFORD,1982,C,,0
810,810,1,PRINCETON,1988,F,L,0
811,811,1,WASHINGTON,1976,,,0
812,812,1,CALTECH,1985,H,K,0
813,813,1,INDIANA,1993,J,,0
814,814,1,UPENN,1985,C,D,0
815,815,1,OXFORD,1982,H,F,0
816,816,1,BOSTON COLLEGE,1973,F,D,0
817,817,1,PURDUE,1980,G,,0
818,818,1,ROTTERDAM,1986,J,,0
819,819,1,LSE,1998,J,D,0
820,820,1,STANFORD,1976,R,,0
821,821,0,PRINCETON,1988,J,I,0
822,822,1,MIT,1996,C,,0
823,823,1,WYOMING,1986,Q,C,0
824,824,1,COLUMBIA,1994,E,G,0
825,825,1,HARVARD,1995,F,E,0
826,826,1,CEMFI,1999,C,,0
827,827,1,MINNESOTA,1990,E,,0
828,828,1,UPENN,1991,F,E,0
829,829,1,MADRID,1975,C,,0
830,830,1,LSE,2002,C,,0
831,831,1,CARLOS III,1994,G,,0
832,832,1,BERKELEY,2002,F,E,0
833,833,1,UPENN,2006,E,G,0
834,834,1,PRINCETON,2000,E,G,0
835,835,1,NYU,1999,G,E,0
836,836,0,LSE,1992,L,,0
837,837,1,MIT,1981,L,G,0
838,838,1,PARIS,1986,G,C,0
839,839,1,LOUVAIN,1970,C,,0
840,840,1,HARVARD,1975,C,,0
841,841,1,CALTECH,1988,O,N,0
842,842,1,PARIS,1988,C,J,0
843,843,1,UPENN,1992,D,C,0
844,844,1,NAMUR,1991,H,J,0
845,845,1,CHICAGO,1979,C,L,0
846,846,1,ZURICH,1997,D,,0
847,847,1,LSE,1992,J,O,0
848,848,1,MADISON,1996,F,,0
849,849,1,CHICAGO,1996,J,,0
850,850,1,MIT,1998,H,,0
851,851,1,HARVARD,1996,H,J,0
852,852,1,BERKELEY,1996,C,D,0
853,853,1,HARVARD,1985,E,,0
854,854,1,MIT,1997,J,I,0
855,855,1,MIT,1978,G,E,0
856,856,1,UCSD,1987,K,J,0
857,857,1,STANFORD,1994,K,,0
858,858,1,MIT,1999,G,,0
859,859,1,NORTHWESTERN,1995,L,D,0
860,860,1,MIT,1998,J,K,0
861,861,1,HARVARD,1992,C,,0
862,862,1,HARVARD,1999,G,,0
863,863,1,MIT,1991,G,D,0
864,864,0,NORTHWESTERN,1979,C,K,0
865,865,1,DUKE,1994,K,J,0
866,866,1,MIT,1966,O,J,0
867,867,1,MIT,1979,D,F,1
868,868,1,MIT,1986,G,E,0
869,869,1,ROCHESTER,1983,E,,0
870,870,1,PRINCETON,1997,E,,0
871,871,1,PRINCETON,1990,L,D,0
872,872,1,PARIS,1996,J,D,0
873,873,1,OXFORD,1973,C,J,0
874,874,1,SSE,1999,E,,0
875,875,1,COLUMBIA,1976,D,C,0
876,876,1,BERKELEY,2003,J,C,0
877,877,1,HARVARD,2005,H,D,0
878,878,1,UCSD,1991,C,,0
879,879,1,CHICAGO,1997,G,,0
880,880,1,MINNESOTA,2001,E,C,0
881,881,1,IRVINE,2002,D,H,0
882,882,1,WASHINGTON,1994,C,,0
883,883,1,UPENN,1990,G,,0
884,884,1,TORONTO,1998,C,D,0
885,885,1,PRINCETON,1990,G,F,0
886,886,1,BERKELEY,1998,D,H,0
887,887,1,MADISON,2003,C,,0
888,888,1,HARVARD,1993,C,,0
889,889,1,OXFORD,1988,D,H,0
890,890,0,QUEENS,1998,J,K,0
891,891,1,HARVARD,1998,G,,0
892,892,1,ROCHESTER,1997,G,,0
893,893,1,COLORADO,1995,H,O,0
894,894,1,WYOMING,1986,L,H,0
895,895,1,NORTHWESTERN,1979,G,,0
896,896,1,CORNELL,1967,C,,1
897,897,1,HARVARD,1980,H,E,0
898,898,1,BERKELEY,1978,C,D,0
899,899,1,STANFORD,1990,L,K,0
900,900,1,STANFORD,1992,D,C,0
901,901,0,MONTREAL,1982,J,O,0
902,902,1,UPENN,2000,C,D,0
903,903,1,WYOMING,1996,J,I,0
904,904,1,MIT,1974,N,E,0
905,905,1,COLUMBIA,2002,E,G,0
906,906,1,CARNEGIE MELLON,1976,G,E,0
907,907,1,STANFORD,1985,C,I,0
908,908,1,MADISON,1998,E,C,0
909,909,1,SUSSEX,1979,D,O,0
910,910,1,MICHIGAN,1987,F,,0
911,911,1,YALE,1994,C,,0
912,912,1,HARVARD,1995,E,C,0
913,913,1,PRINCETON,1980,J,D,0
914,914,1,STANFORD,1994,E,,0
915,915,1,STANFORD,1965,C,D,0
916,916,1,PRINCETON,1990,J,C,0
917,917,1,UCLA,1992,E,D,0
918,918,1,CALTECH,1995,D,C,0
919,919,1,BERKELEY,1974,H,,0
920,920,1,BERKELEY,1961,R,J,0
921,921,1,HARVARD,1993,E,,0
922,922,1,HARVARD,1980,C,D,0
923,923,1,MICHIGAN,1975,C,,0
924,924,1,BERKELEY,1986,G,E,1
925,925,1,PURDUE,1970,L,D,0
926,926,1,HARVARD,1988,D,,0
927,927,1,HARVARD,1998,J,,0
928,928,1,MIT,1994,H,O,0
929,929,1,YALE,1986,K,J,0
930,930,1,NYU,1985,J,C,0
931,931,1,BERKELEY,1994,D,C,0
932,932,1,STANFORD,1988,J,D,0
933,933,1,ROCHESTER,1999,E,J,0
934,934,1,CHICAGO,1990,N,,0
935,935,1,VIRGINIA,2002,K,D,0
936,936,1,HARVARD,1978,E,,0
937,937,1,PRINCETON,1990,E,D,0
938,938,1,HARVARD,1970,R,,0
939,939,1,PRINCETON,1992,F,O,0
940,940,1,SOUTH WALES,1978,D,F,0
941,941,1,MICHIGAN,1988,D,C,0
942,942,1,LSE,1984,E,,0
943,943,1,UPENN,1996,K,D,0
944,944,1,ROCHESTER,1990,D,H,0
945,945,1,MUNICH,1995,J,,0
946,946,1,LONDON,1980,H,,0
947,947,1,NEW ENGLAND,1988,Q,,0
948,948,1,CHICAGO,1988,C,D,0
949,949,1,MICHIGAN,1990,F,,0
950,950,1,MIT,2001,F,E,0
951,951,1,MIT,1983,C,,0
952,952,1,PURDUE,1974,L,G,0
953,953,1,STANFORD,1988,D,J,0
954,954,1,MADISON,1978,Q,H,0
955,955,1,NORTH CAROLINA,1976,J,,0
956,956,1,MADISON,1996,H,J,0
957,957,1,BROWN,1986,D,,0
958,958,1,UCL,1993,L,J,0
959,959,1,YALE,1973,O,H,0
960,960,1,STANFORD,2005,H,,0
961,961,1,TORONTO,1986,D,L,0
962,962,1,YALE,1984,G,,0
963,963,1,MIT,1998,H,C,0
964,964,1,NORTHWESTERN,1994,E,,0
965,965,1,MIT,1996,G,E,0
966,966,1,YALE,1990,G,,0
967,967,1,,1996,O,H,0
968,968,1,YALE,1976,F,G,0
969,969,1,HARVARD,1992,H,I,0
970,970,1,MIT,2000,J,,0
971,971,1,MIT,1999,L,D,0
972,972,1,UCLA,1982,G,C,0
973,973,1,CAMBRIDGE,1985,D,J,0
974,974,1,MIT,2002,G,D,0
975,975,1,UCLA,1983,J,H,0
976,976,1,HARVARD,1997,G,E,0
977,977,1,YALE,1987,C,,0
978,978,1,UPENN,1986,D,L,0
979,979,1,MIT,1989,E,C,0
980,980,1,COLUMBIA,1994,D,L,0
981,981,1,UCLA,1996,C,D,0
982,982,1,LSE,1994,C,,0
983,983,1,ROCHESTER,1974,G,E,0
984,984,1,VALENCIA,1998,C,D,0
985,985,1,MIT,1995,E,H,0
986,986,1,MINNESOTA,1990,E,J,0
987,987,1,LINZ,1982,H,E,0
988,988,1,VIENNA,1978,C,,0
989,989,1,STANFORD,2002,G,,0
990,990,1,MIT,1967,E,H,0
991,991,1,PRINCETON,1981,J,C,0
992,992,1,CHICAGO,1984,G,R,0
993,993,1,DUKE,2002,E,,0
994,994,1,UCLA,1999,H,,0
995,995,1,,,,,0
996,996,1,BERKELEY,1986,C,,0
997,997,1,ILLINOIS,1996,G,,0
998,998,1,MADISON,1998,F,Q,0
999,999,1,HARVARD,1992,G,,0
1000,1000,1,PRINCETON,1989,J,C,0
1001,1001,1,UCLA,1996,G,,0
1002,1002,1,MIT,2005,L,,0
1003,1003,1,MIT,2004,G,H,0
1004,1004,1,MINNESOTA,1995,J,O,0
1005,1005,1,HARVARD,1993,E,C,0
1006,1006,1,CARLOS III,1997,L,C,0
1007,1007,1,STANFORD,1989,L,D,0
1008,1008,1,UCLA,2000,E,F,0
1009,1009,0,TORONTO,2001,E,F,0
1010,1010,0,HARVARD,2005,G,L,0
1011,1011,1,STANFORD,1990,D,C,0
1012,1012,1,YALE,1990,E,,0
1013,1013,1,HARVARD,2000,J,O,0
1014,1014,1,ALICANTE,2003,C,D,0
1015,1015,1,MINNESOTA,2001,E,C,0
1016,1016,1,OXFORD,1988,J,C,0
1017,1017,1,CHICAGO,1991,E,,0
1018,1018,1,VALLADOLID,1995,E,C,0
1019,1019,1,IMPA,2002,C,,0
1020,1020,1,CHILE,1990,C,,0
1021,1021,0,MIT,1993,L,,1
1022,1022,1,,,,,0
1023,1023,1,UCLA,1999,D,,0
1024,1024,0,VIRGINIA,1998,E,O,0
1025,1025,0,BOSTON COLLEGE,2001,G,H,0
1026,1026,0,MIT,1997,H,I,0
1027,1027,1,PARIS,2001,G,,0
1028,1028,1,PRINCETON,1981,G,E,0
1029,1029,1,BERLIN,1999,J,I,0
1030,1030,0,STANFORD,2000,G,,0
1031,1031,1,ONTARIO,1990,J,I,0
1032,1032,1,BERKELEY,1992,C,,0
1033,1033,1,MIT,1999,D,L,0
1034,1034,1,HARVARD,2000,H,K,0
1035,1035,0,BERKELEY,2001,L,H,0
1036,1036,1,UPENN,1996,D,L,0
1037,1037,1,GOTHENBURG,1997,J,I,0
1038,1038,1,KTH,1978,C,,0
1039,1039,1,MUNICH,1990,H,J,0
1040,1040,1,USC,2005,E,G,0
1041,1041,1,MIT,1995,O,J,0
1042,1042,1,HARVARD,1979,D,L,0
1043,1043,0,WYOMING,2009,Q,,0
1044,1044,1,STANFORD,1989,D,C,0
1045,1045,0,HARVARD,1992,E,G,0
1046,1046,0,BOSTON COLLEGE,1990,,,0
1047,1047,1,STANFORD,1996,G,D,0
1048,1048,1,STANFORD,1965,E,H,0
1049,1049,1,MIT,1997,E,,0
1050,1050,0,PRINCETON,1989,O,I,0
1051,1051,1,MINNESOTA,2000,G,E,0
1052,1052,0,MADISON,1996,J,H,0
1053,1053,0,HARVARD,1998,I,J,0
1054,1054,0,SUNY,1992,I,,0
1055,1055,0,MIT,1989,K,L,0
1056,1056,0,CHICAGO,1993,G,F,0
1057,1057,0,STANFORD,2003,K,I,0
1058,1058,1,LSE,1976,O,H,0
1059,1059,1,ROCHESTER,1977,D,C,0
1060,1060,1,CHICAGO,1990,F,E,0
1061,1061,1,HARVARD,1998,C,,0
1062,1062,1,MICHIGAN,1981,O,F,0
1063,1063,1,MIT,1991,F,E,0
1064,1064,0,QUEENS,1996,J,I,0
1065,1065,1,BERKELEY,1976,R,,0
1066,1066,1,GEORGETOWN,1992,J,,0
1067,1067,1,NORTHWESTERN,1976,J,F,0
1068,1068,1,MIT,1983,E,G,0
1069,1069,1,CITY NEW YORK,1974,J,,0
1070,1070,1,MADISON,1980,C,G,0
1071,1071,1,CARNEGIE MELLON,1995,L,M,0
1072,1072,1,BERKELEY,1982,F,H,0
1073,1073,1,MIT,1980,F,E,0
1074,1074,1,WISCONSIN,1977,G,C,0
1075,1075,1,PRINCETON,1996,J,C,0
1076,1076,1,HARVARD,1995,D,H,0
1077,1077,1,PRINCETON,1999,F,,0
1078,1078,1,CHICAGO,1993,G,M,0
1079,1079,1,KENTUCKY,1983,G,,0
1080,1080,1,CORNELL,1996,J,,0
1081,1081,1,UPENN,1989,E,H,0
1082,1082,1,COLUMBIA,1996,G,E,0
1083,1083,1,CHICAGO,1984,G,J,0
1084,1084,1,HARVARD,1995,O,G,0
1085,1085,1,MIT,1982,J,,0
1086,1086,1,CHICAGO,1986,J,O,0
1087,1087,1,UPENN,1985,D,H,0
1088,1088,1,TORONTO,1991,J,D,0
1089,1089,1,MINNESOTA,1998,E,G,0
1090,1090,1,TEL AVIV,2001,D,,0
1091,1091,1,MINNESOTA,1997,D,L,0
1092,1092,1,MADISON,1999,D,,0
1093,1093,1,HARVARD,1987,F,G,0
1094,1094,1,,1997,J,L,0
1095,1095,1,STANFORD,1990,G,E,0
1096,1096,1,NORWEGIAN SCHOOL,1988,J,I,0
1097,1097,1,CARNEGIE MELLON,1995,E,O,0
1098,1098,1,BONN,1991,L,H,0
1099,1099,1,HARVARD,1991,D,H,0
1100,1100,1,SOUTH WALES,1982,F,E,0
1101,1101,1,MIT,1995,H,L,0
1102,1102,1,SSE,1987,D,G,0
1103,1103,0,MIT,1998,F,O,0
1104,1104,1,BERKELEY,1984,C,,0
1105,1105,1,UCLA,1994,F,,0
1106,1106,1,STANFORD,1986,L,F,0
1107,1107,1,CAMBRIDGE,1980,F,,0
1108,1108,0,MIT,2003,O,H,0
1109,1109,1,COLUMBIA,1997,J,,0
1110,1110,1,CHICAGO,1998,J,H,0
1111,1111,1,UBC,1977,C,G,0
1112,1112,1,WHARTON,1986,G,,0
1113,1113,1,ILLINOIS,1978,C,D,1
1114,1114,1,SSE,1978,E,,0
1115,1115,1,CHICAGO,2001,J,I,0
1116,1116,1,MINNESOTA,1988,F,J,0
1117,1117,1,MIT,1991,L,D,0
1118,1118,1,UPENN,1987,L,,0
1119,1119,1,STANFORD,2001,G,E,0
1120,1120,0,,,,,0
1121,1121,0,STANFORD,2001,F,G,0
1122,1122,0,CARLOS III,2000,C,O,0
1123,1123,1,HARVARD,1977,H,J,0
1124,1124,1,HARVARD,2003,D,,0
1125,1125,1,BERKELEY,1979,J,D,0
1126,1126,1,MIT,1985,J,,1
1127,1127,1,STANFORD,1982,Q,,0
1128,1128,1,COLUMBIA,1982,E,C,0
1129,1129,1,BERKELEY,1969,D,O,0
1130,1130,1,STANFORD,1984,D,L,0
1131,1131,1,ROCHESTER,1992,F,G,0
1132,1132,1,HARVARD,1996,F,L,0
1133,1133,1,MIT,2001,H,I,0
1134,1134,1,YALE,1978,J,E,0
1135,1135,0,SSE,1996,I,J,0
1136,1136,1,PRINCETON,1981,G,H,0
1137,1137,1,NORTHWESTERN,1985,H,O,0
1138,1138,1,MIT,1972,E,O,0
1139,1139,1,MIT,1990,D,K,0
1140,1140,1,MIT,1999,G,,0
1141,1141,0,NORTHWESTERN,1994,L,D,0
1142,1142,0,NORTHWESTERN,2000,O,H,0
1143,1143,1,OXFORD,1971,F,G,0
1144,1144,0,BERKELEY,1998,C,H,0
1145,1145,0,MINNESOTA,1997,E,H,0
1146,1146,1,CHICAGO,2002,G,C,0
1147,1147,0,UBC,1998,G,,0
1148,1148,0,KEELE,1999,J,I,0
1149,1149,0,PRINCETON,1997,O,J,0
1150,1150,0,UPENN,2001,H,L,0
1151,1151,0,MADISON,1997,H,J,0
1152,1152,0,UPENN,2002,G,,0
1153,1153,1,CHICAGO,1991,G,D,0
1154,1154,1,ILLINOIS,1983,F,E,0
1155,1155,1,BU,1998,E,H,0
1156,1156,1,MIT,1996,M,C,0
1157,1157,1,MICHIGAN,1970,C,D,0
1158,1158,1,NORTHWESTERN,1970,E,C,0
1159,1159,1,HARVARD,1987,K,L,0
1160,1160,1,,1996,E,C,0
1161,1161,1,MICHIGAN,1989,J,I,0
1162,1162,1,UPENN,2002,G,,0
1163,1163,1,UPENN,1999,G,,0
1164,1164,1,CAMBRIDGE,1987,D,H,0
1165,1165,1,YALE,1997,D,C,0
1166,1166,1,MADISON,2005,Q,H,0
1167,1167,0,TOULOUSE,2001,G,,0
1168,1168,1,ESSEX,1982,E,H,0
1169,1169,1,UCL,1999,J,E,0
1170,1170,1,MIT,1992,G,H,0
1171,1171,1,CAMBRIDGE,1992,F,E,0
1172,1172,1,NYU,,,,0
1173,1173,1,CHICAGO,1998,L,,0
1174,1174,1,HARVARD,1998,G,,0
1175,1175,1,STANFORD,2002,G,D,0
1176,1176,0,BERKELEY,1995,F,G,0
1177,1177,1,ROCHESTER,1977,C,,0
1178,1178,0,PRINCETON,2000,C,J,0
1179,1179,1,UPENN,1996,E,O,0
1180,1180,1,UPENN,1996,C,F,0
1181,1181,1,MINHO,,,,0
1182,1182,1,UCSD,2004,D,J,0
1183,1184,1,IOWA,1997,E,G,0
1184,1185,0,LSE,1994,J,I,0
1185,1186,1,CAMBRIDGE,1972,C,G,0
1186,1187,1,HARVARD,2003,D,J,0
1187,1188,1,QUEENS,1991,F,O,0
1188,1189,1,PITTSBURGH,2000,D,C,0
1189,1190,1,UVA,1991,J,,0
1190,1191,1,HARVARD,1996,O,H,0
1191,1192,1,HARVARD,2000,G,,0
1192,1193,1,LSE,2000,D,L,0
1193,1194,1,BERKELEY,2006,J,,0
1194,1195,1,PENN STATE,2005,E,,0
1195,1196,1,,,,,0
1196,1197,1,MIT,2003,E,F,0
1197,1198,1,LSE,1985,C,J,0
1198,1199,1,CHICAGO,1984,E,G,0
1199,1200,1,CATTOLICA,1999,G,,0
1200,1201,1,ILLINOIS,1999,N,F,0
1201,1202,1,MICHIGAN,2000,F,D,0
1202,1203,1,BERKELEY,2002,C,,0
1203,1204,1,MINNESOTA,1995,E,J,0
1204,1205,1,STANFORD,1998,D,C,0
1205,1206,1,CHICAGO,1998,E,H,0
1206,1207,1,NORTHWESTERN,2000,H,D,0
1207,1208,1,LSE,1994,G,E,0
1208,1209,1,CHICAGO,2000,H,E,0
1209,1210,1,MADISON,2001,O,J,0
1210,1211,1,NYU,2002,G,E,0
1211,1212,1,ROTTERDAM,2006,D,J,0
1212,1213,1,UCL,2000,J,O,0
1213,1214,1,MIT,1996,D,L,0
1214,1215,1,MIT,1986,E,G,0
1215,1216,1,SSE,1996,L,F,0
1216,1217,1,BERKELEY,1982,D,H,0
1217,1218,1,HARVARD,2001,J,I,0
1218,1219,0,NO PHD,2000,R,C,0
1219,1220,0,WASHINGTON,1982,L,C,0
1220,1221,0,OHIO,1996,E,C,0
1221,1222,0,GENEVE,1993,C,J,0
1222,1223,0,CHICAGO,1999,E,,0
1223,1224,0,HARVARD,1998,J,D,0
1224,1225,0,MIT,1998,J,I,0
1225,1226,0,CHAPEL HILL,1974,O,M,0
1226,1227,0,PARIS,1986,J,H,0
1227,1228,0,HARVARD,1995,M,L,0
1228,1229,1,ROCHESTER,1991,E,F,0
1229,1230,1,OHIO,2000,E,O,0
1230,1231,0,NORTHWESTERN,1997,N,I,0
1231,1232,0,MIT,1981,E,G,0
1232,1233,1,MADISON,1973,D,C,0
1233,1234,1,MIT,1999,E,F,0
1234,1235,1,MIT,1993,I,H,0
1235,1236,1,MIT,1985,E,J,0
1236,1237,1,OHIO,1981,J,I,0
1237,1238,1,HARVARD,1999,I,K,0
1238,1239,1,STANFORD,1978,E,,1
1239,1240,1,BAR-ILAN,1986,I,O,0
1240,1241,1,YALE,1982,G,E,0
1241,1242,1,STANFORD,2001,L,D,0
1242,1243,1,STANFORD,1998,G,,0
1243,1244,1,UCSD,1992,G,,0
1244,1245,1,MIT,1991,L,K,0
1245,1246,1,MIT,1993,I,H,0
1246,1247,1,NYU,1990,C,D,0
1247,1248,1,COLUMBIA,1973,O,,0
1248,1249,1,MADISON,1973,D,I,0
1249,1250,1,COLUMBIA,1999,I,J,0
1250,1251,1,,,,,0
1251,1252,1,PURDUE,1970,D,H,0
1252,1253,1,LSE,1999,D,F,0
1253,1254,1,MIT,2000,D,,0
1254,1255,0,LSE,2001,O,,0
1255,1256,1,LEIDEN,1996,C,,0
1256,1257,1,VANDERBILT,2005,J,I,0
1257,1258,1,COLORADO,1994,H,J,0
1258,1259,1,ZURICH,1997,G,O,0
1259,1260,1,TILBURG,1993,C,J,0
1260,1261,1,PRINCETON,1987,F,G,0
1261,1262,1,UPPSALA,1995,D,C,0
1262,1263,1,MINNESOTA,1981,E,F,0
1263,1264,1,MIT,1973,D,H,0
1264,1265,1,OXFORD,1967,E,H,0
1265,1266,1,NORTHWESTERN,1983,L,I,0
1266,1267,1,STANFORD,1979,D,C,0
1267,1268,1,MIT,1967,R,D,0
1268,1269,1,PRINCETON,1994,G,E,0
1269,1270,1,NORTHWESTERN,1995,L,,0
1270,1271,1,STANFORD,1999,G,,0
1271,1272,1,PRINCETON,1953,C,D,0
1272,1273,1,BERLIN,2000,D,,0
1273,1274,1,CHICAGO,1994,F,E,0
1274,1275,1,LSE,1986,D,,0
1275,1276,0,JOHNS HOPKINS,1998,I,J,0
1276,1277,1,CHICAGO,1988,E,F,0
1277,1278,1,KEIO,1999,D,L,0
1278,1279,1,WARWICK,1990,H,,0
1279,1280,1,NORTHWESTERN,1996,C,D,0
1280,1281,1,HARVARD,1996,D,H,0
1281,1282,1,LSE,1991,L,F,0
1282,1283,1,UCLA,1993,E,,0
1283,1284,1,HARVARD,1986,L,D,0
1284,1285,1,LSE,2000,G,E,0
1285,1286,1,PARIS,2000,F,G,0
1286,1287,1,SSE,1979,H,J,0
1287,1288,1,UPF,2005,H,O,0
1288,1289,1,LSE,2002,E,,0
1289,1290,1,BROWN,1996,R,O,0
1290,1291,1,MINNESOTA,1975,E,G,0
1291,1292,1,MIT,1984,E,C,0
1292,1293,1,CHICAGO,1993,Q,R,0
1293,1294,1,HARVARD,1999,H,L,0
1294,1295,1,ROCHESTER,1997,D,L,0
1295,1296,1,HARVARD,2004,J,H,0
1296,1297,1,CONNECTICUT,2000,J,L,0
1297,1298,1,BERKELEY,2010,J,H,0
1298,1299,1,MICHIGAN,2003,R,L,0
1299,1300,1,UCLA,2002,Q,J,0
1300,1301,1,STANFORD,1988,D,C,0
1301,1302,1,MIT,1989,D,,0
1302,1303,1,,2000,,,0
1303,1304,1,STANFORD,1998,D,L,0
1304,1305,1,CHICAGO,2000,E,J,0
1305,1306,0,YALE,2004,E,J,0
1306,1307,1,UVA,2004,D,C,0
1307,1308,0,CORNELL,1973,Q,I,0
1308,1309,1,CHICAGO,1973,G,E,0
1309,1310,1,,,,,0
1310,1311,1,MIT,1979,F,E,0
1311,1312,1,CHICAGO,2001,J,E,0
1312,1313,0,MIT,1997,D,L,0
1313,1314,1,BROWN,1996,C,G,0
1314,1315,0,ARIZONA,1998,I,N,0
1315,1316,0,WASHINGTON,1987,J,I,0
1316,1317,1,,,,,0
1317,1318,1,MICHIGAN,1998,J,D,0
1318,1319,1,PRINCETON,1989,F,J,0
1319,1320,0,MADISON,1999,D,,0
1320,1321,1,TILBURG,1994,J,O,0
1321,1322,1,,,,,0
1322,1323,1,MADISON,1995,D,L,0
1323,1324,1,CHICAGO,1972,E,F,0
1324,1325,1,MIT,1984,D,L,0
1325,1326,1,PRINCETON,1998,Q,J,0
1326,1327,1,COLUMBIA,1970,I,J,0
1327,1328,1,AARHUS,2000,C,,0
1328,1329,1,MARYLAND,2005,D,L,0
1329,1330,1,MIT,1983,J,I,0
1330,1331,1,WARWICK,1988,H,D,0
1331,1332,1,,,,,0
1332,1333,1,TILBURG,1999,D,,0
1333,1334,1,HARVARD,1992,O,J,0
1334,1335,1,UTAH,1995,G,D,0
1335,1336,1,STANFORD,1999,P,,0
1336,1337,1,,,,,0
1337,1338,1,MIT,1970,D,,0
1338,1339,1,NORTHWESTERN,1968,Z,,0
1339,1340,1,QUEENS,1980,D,C,0
1340,1341,1,STANFORD,1999,J,,0
1341,1342,1,PURDUE,1984,D,C,0
1342,1343,1,MIT,1981,J,H,0
1343,1344,1,LSE,1996,L,M,0
1344,1345,1,STANFORD,1995,H,E,0
1345,1346,1,COLUMBIA,1987,F,E,0
1346,1347,1,STANFORD,1996,C,,0
1347,1348,1,UNKNOWN,2000,C,,0
1348,1349,1,RENNES,1986,D,C,0
1349,1350,1,TOULOUSE,1973,Q,N,0
1350,1351,1,ROCHESTER,1987,E,,0
1351,1352,1,NYU,,,,0
1352,1353,0,MINNESOTA,2003,G,O,0
1353,1354,0,PRINCETON,1973,G,H,0
1354,1355,0,BROWN,1988,E,H,0
1355,1356,1,STANFORD,1989,C,D,0
1356,1357,1,LEEDS,1976,C,L,0
1357,1358,1,UCSD,2000,D,,0
1358,1359,1,BERKELEY,2000,O,J,0
1359,1360,1,HARVARD,1998,H,G,0
1360,1361,1,SSE,2001,I,J,0
1361,1362,1,MCMASTER,2002,J,,0
1362,1363,1,LSE,1996,G,H,0
1363,1364,1,MINNESOTA,2004,E,H,0
1364,1365,1,HARVARD,1987,E,D,0
1365,1366,1,STANFORD,1996,G,,0
1366,1367,0,UPF,1998,I,D,0
1367,1368,0,HARVARD,2001,I,J,0
1368,1369,1,,,,,0
1369,1370,1,,,,,0
1370,1371,1,MONTREAL,2001,C,,0
1371,1372,1,PARIS,2000,D,C,0
1372,1373,0,UNKNOWN,2000,C,R,0
1373,1374,0,STANFORD,2000,E,C,1
1374,1375,1,YALE,1991,E,,0
1375,1376,1,BONN,2003,D,,0
1376,1377,1,HARVARD,1998,G,O,0
1377,1378,1,,1996,G,H,0
1378,1379,1,SOUTHAMPTON,1993,E,,0
1379,1380,1,PURDUE,1964,D,,0
1380,1381,1,HARVARD,1991,C,H,0
1381,1382,1,HARVARD,1982,L,O,0
1382,1383,1,PRINCETON,1983,D,,0
1383,1384,1,STANFORD,2000,D,C,0
1384,1385,0,HARVARD,2002,D,J,0
1385,1386,1,JOHNS HOPKINS,1959,F,E,0
1386,1387,1,BOSTON COLLEGE,1997,E,F,0
1387,1388,1,UCLA,1986,E,C,0
1388,1389,1,STOCKHOLM,1993,J,I,0
1389,1390,1,BERKELEY,1969,G,C,0
1390,1391,1,MIT,1984,E,,0
1391,1392,1,CHICAGO,1987,E,H,0
1392,1393,1,BERKELEY,1990,E,,0
1393,1394,1,CHICAGO,1992,H,D,0
1394,1395,0,HARVARD,2005,H,O,0
1395,1396,1,RAND,2003,I,H,0
1396,1397,1,CHICAGO,1995,G,,0
1397,1398,1,LSE,1990,C,G,0
1398,1399,1,CHICAGO,1964,E,,0
1399,1400,1,CHICAGO,1983,E,F,0
1400,1401,1,STANFORD,2002,E,O,0
1401,1402,1,ROCHESTER,2000,J,I,0
1402,1403,1,HARVARD,1996,G,D,0
1403,1404,1,TEXAS,2000,I,J,0
1404,1405,1,PRINCETON,1976,J,C,0
1405,1406,1,MIT,1995,G,E,0
1406,1407,1,UCL,2001,L,D,0
1407,1408,1,PITTSBURGH,1997,D,C,0
1408,1409,1,,,,,0
1409,1410,1,YALE,2004,O,C,0
1410,1411,1,NORTHWESTERN,1996,H,D,0
1411,1412,1,STANFORD,2002,G,,0
1412,1413,1,QUEENS,1992,H,,0
1413,1414,0,UBC,1988,J,I,0
1414,1415,1,University of Tsukuba,1998,D,C,0
1415,1416,1,CHICAGO,2001,E,,0
1416,1417,1,BERKELEY,1988,C,D,0
1417,1418,1,UNKNOWN,1980,C,,0
1418,1419,1,UCSD,1994,C,,0
1419,1420,1,TOULOUSE,1997,C,G,0
1420,1421,1,NYU,2001,F,L,0
1421,1422,1,COLUMBIA,1984,O,E,0
1422,1423,0,,,,,0
1423,1424,1,AARHUS,1960,C,,0
1424,1425,1,PRINCETON,1974,G,D,0
1425,1426,1,BERKELEY,1991,C,,0
1426,1427,1,MIT,1977,E,J,0
1427,1428,1,STANFORD,1994,D,C,0
1428,1429,1,PRINCETON,2001,Q,I,0
1429,1430,1,PARIS,1996,D,C,0
1430,1431,1,PARIS,1996,E,G,0
1431,1432,1,MIT,1995,G,,0
1432,1433,1,University of Erlangen & Nuurnberg,1986,E,C,0
1433,1434,1,UPPSALA,2001,J,,0
1434,1435,1,HEBREW,1999,E,,0
1435,1436,1,LSE,1988,E,,0
1436,1437,0,BOSTON COLLEGE,2000,J,O,0
1437,1438,1,PRINCETON,1970,J,C,1
1438,1439,1,UCSD,1997,E,,0
1439,1440,1,HEBREW,1994,H,D,0
1440,1441,1,HARVARD,1992,E,H,0
1441,1442,1,TORONTO,2000,C,,0
1442,1443,1,MIT,1994,G,E,0
1443,1444,1,STANFORD,1980,L,H,0
1444,1445,1,HEC,1998,G,,0
1445,1446,1,COLUMBIA,1992,E,F,0
1446,1447,0,YALE,2006,L,D,0
1447,1448,0,HARVARD,1998,G,D,0
1448,1449,1,NYU,2004,F,O,0
1449,1450,1,HARVARD,2000,G,,0
1450,1451,1,BERKELEY,1995,D,C,0
1451,1452,1,LSE,1988,E,F,0
1452,1453,1,HARVARD,1994,E,O,0
1453,1454,1,YALE,1991,E,F,0
1454,1455,1,BU,2001,G,,0
1455,1456,1,MIT,2002,G,,0
1456,1457,1,CAMBRIDGE,1968,O,R,0
1457,1458,1,QUEENS,1995,E,C,0
1458,1459,0,MIT,1980,D,L,0
1459,1460,1,MINNESOTA,1997,D,L,0
1460,1461,1,LSE,1986,C,L,0
1461,1462,1,UBC,1995,O,D,0
1462,1463,1,HARVARD,1986,F,E,0
1463,1464,1,STANFORD,2000,I,C,0
1464,1465,1,PARIS,1993,O,C,0
1465,1466,1,BONN,1996,L,D,0
1466,1467,1,YALE,2003,C,,0
1467,1468,1,HARVARD,1993,G,,0
1468,1469,1,PRINCETON,1989,E,J,0
1469,1470,1,UVA,1999,J,I,0
1470,1471,1,MADISON,1985,G,I,0
1471,1472,1,ONTARIO,1991,E,J,0
1472,1473,1,ROCHESTER,1982,G,,0
1473,1474,1,NORTHWESTERN,2003,K,,0
1474,1475,1,NORTHWESTERN,1997,J,,0
1475,1476,1,,,,,0
1476,1477,1,PRINCETON,1996,J,,0
1477,1478,1,STANFORD,1978,D,C,0
1478,1479,1,STANFORD,1990,N,,0
1479,1480,1,UCLA,2002,C,P,0
1480,1481,1,MINNESOTA,1995,J,,0
1481,1482,1,UCSC,1991,J,,0
1482,1483,1,HELSINKY,1986,C,,0
1483,1484,0,VALENCIA,2000,E,F,0
1484,1485,1,BERKELEY,1989,C,,0
1485,1486,1,MINNESOTA,1992,E,H,0
1486,1487,1,SSE,2000,H,J,0
1487,1488,1,UPPSALA,1988,J,O,0
1488,1489,1,MADISON,1999,J,C,0
1489,1490,1,LSE,1974,C,,0
1490,1491,1,MICHIGAN,1998,F,E,0
1491,1492,1,MIT,1963,E,J,0
1492,1493,1,CHICAGO,1984,C,M,0
1493,1494,1,UPPSALA,1997,J,,0
1494,1495,1,,,,,0
1495,1496,1,STANFORD,1982,C,,0
1496,1497,1,,,,,0
1497,1498,1,NORTHWESTERN,1973,E,,0
1498,1499,1,STANFORD,1991,E,,0
1499,1500,1,UCLA,1999,F,L,0
1500,1501,1,MIT,1994,D,C,0
1501,1502,1,TILBURG,1986,I,H,0
1502,1503,1,HARVARD,1983,J,D,0
1503,1504,1,LSE,1992,I,O,0
1504,1505,1,STANFORD,1989,G,D,0
1505,1506,1,KOLN,1988,D,G,0
1506,1507,1,LSE,1997,H,J,0
1507,1508,1,TILBURG,1986,C,,0
1508,1509,1,AUSTRALIAN NATIONAL UNIVERSITY,1973,C,,0
1509,1510,1,ROCHESTER,1987,E,H,0
1510,1511,1,MIT,1996,G,,0
1511,1512,1,MIT,1964,N,E,0
1512,1513,1,FLORIDA,1993,E,,0
1513,1514,1,STANFORD,1995,G,M,0
1514,1515,0,CHICAGO,1996,H,I,0
1515,1516,0,BERKELEY,2002,N,L,0
1516,1517,1,NORTHWESTERN,1996,D,,0
1517,1518,1,MICHIGAN,2005,I,J,0
1518,1519,1,CHICAGO,1993,G,E,0
1519,1520,1,MADISON,2000,C,,0
1520,1521,1,VIRGINIA,1996,D,H,0
1521,1522,1,PRINCETON,1988,D,C,0
1522,1523,1,BERKELEY,2002,J,I,0
1523,1524,1,HARVARD,1987,D,O,0
1524,1525,1,HARVARD,1988,E,G,0
1525,1526,1,PARIS,1992,D,,0
1526,1527,1,GEORGETOWN,1992,F,R,0
1527,1528,1,,,,,0
1528,1529,1,HARVARD,1985,E,,0
1529,1530,1,YALE,1998,L,D,0
1530,1531,1,HARVARD,1993,F,G,0
1531,1532,1,UCLA,1991,G,C,0
1532,1533,1,CAMBRIDGE,1991,D,H,0
1533,1534,1,CATTOLICA,1992,D,C,0
1534,1535,1,ROCHESTER,1996,C,R,0
1535,1536,1,MIT,2001,D,L,0
1536,1537,1,PARIS,1990,J,E,0
1537,1538,1,PARIS,1999,L,D,0
1538,1539,1,YALE,1986,C,,0
1539,1540,1,PARIS,1981,D,L,1
1540,1541,1,MIT,1996,F,E,0
1541,1542,1,HARVARD,1997,G,D,0
1542,1543,1,BERKELEY,2004,I,K,0
1543,1544,0,STANFORD,1992,F,L,0
1544,1545,1,,,,,0
1545,1546,1,HARVARD,1986,E,G,0
1546,1547,1,MIT,2003,F,D,0
1547,1548,1,CORNELL,1975,D,C,0
1548,1549,0,OXFORD,1996,O,J,0
1549,1550,1,COLUMBIA,1995,F,,0
1550,1551,0,,,,,0
1551,1552,1,HARVARD,,,,0
1552,1553,1,OHIO,2000,E,C,0
1553,1554,1,NYU,1999,E,,0
1554,1555,1,WUHAN,1987,C,,0
1555,1556,1,NORTHWESTERN,1982,C,,0
1556,1557,1,CALTECH,1981,D,,0
1557,1558,1,PURDUE,1980,L,D,1
1558,1559,1,HARVARD,1965,C,D,0
1559,1560,1,CITY LONDON,1980,D,E,0
1560,1561,0,BERKELEY,1993,L,D,0
1561,1562,0,KEELE,1999,L,D,0
1562,1563,0,MIT,1993,J,F,0
1563,1564,0,CHICAGO,1986,O,,0
1564,1565,1,OXFORD,1996,K,H,0
1565,1566,1,HARVARD,1994,G,D,0
1566,1567,1,UCLA,1981,D,L,0
1567,1568,0,UCSD,2003,C,E,0
1568,1569,0,MADISON,2002,H,D,0
1569,1570,1,AUSTRALIAN NATIONAL UNIVERSITY,1980,O,J,0
1570,1571,1,MIT,1991,G,,0
1571,1572,1,LSE,2004,C,,0
1572,1573,1,PARIS,1990,O,L,0
1573,1574,1,HARVARD,2003,H,D,0
1574,1575,1,HARVARD,1997,J,O,0
1575,1576,1,UCSD,1994,D,C,0
1576,1577,1,NEW SCHOOL,1995,D,H,0
1577,1578,1,JOHNS HOPKINS,1983,D,H,0
1578,1579,1,CARNEGIE MELLON,1978,G,,0
1579,1580,1,NORTHWESTERN,1984,E,,0
1580,1581,1,TEL AVIV,1999,D,C,0
1581,1582,1,MINNESOTA,1986,E,,0
1582,1583,1,CHICAGO,1998,G,,0
1583,1584,1,BROWN,1998,R,L,0
1584,1585,0,COLUMBIA,1988,F,O,0
1585,1586,1,PURDUE,1969,D,H,0
1586,1587,1,MADISON,1983,D,C,0
1587,1588,1,HARVARD,1998,H,D,0
1588,1589,1,TEXAS,1997,J,F,0
1589,1590,0,HOUSTON,2000,D,H,0
1590,1591,1,PRINCETON,2004,E,G,0
1591,1592,0,LEUVEN,1990,F,L,0
1592,1593,1,BERKELEY,,,,0
1593,1594,1,MIT,1988,E,F,0
1594,1595,1,UPENN,1997,E,G,0
1595,1596,1,HARVARD,2004,E,,0
1596,1597,1,LSE,1975,C,J,1
1597,1598,1,MADISON,1982,G,,0
1598,1599,1,TEXAS,1985,E,F,0
1599,1600,1,HARVARD,1983,G,F,0
1600,1601,1,SSE,1997,L,F,0
1601,1602,1,CHICAGO,1977,N,J,0
1602,1603,1,ROCHESTER,1974,D,G,0
1603,1604,1,YALE,1974,I,J,0
1604,1605,1,CAMBRIDGE,1989,C,,0
1605,1606,1,NORTHWESTERN,1980,D,L,0
1606,1607,1,MIT,1987,F,G,0
1607,1608,1,,,,,0
1608,1609,1,MINNESOTA,1984,E,J,1
1609,1610,1,CHICAGO,1968,G,,0
1610,1611,1,PITTSBURGH,1982,H,,0
1611,1612,1,HARVARD,1968,H,I,0
1612,1613,1,CHICAGO,1991,L,H,0
1613,1614,0,OXFORD,1993,O,,0
1614,1615,1,UNKNOWN,1996,D,C,0
1615,1616,1,MIT,1956,E,F,0
1616,1617,1,,,,,0
1617,1618,1,MIT,1981,O,F,0
1618,1619,1,VIRGINIA,1969,H,,0
1619,1620,1,MIT,1980,F,,0
1620,1621,1,MIT,1968,E,J,0
1621,1622,1,CHICAGO,1964,E,,1
1622,1623,1,TEXAS,1978,I,J,0
1623,1624,1,BUFFALO,1997,N,G,0
1624,1625,1,CORNELL,1969,C,G,0
1625,1626,1,LOUSIANA STATA,1967,B,D,0
1626,1627,1,BROWN,1978,E,O,0
1627,1628,1,MICHIGAN,2004,D,L,0
1628,1629,1,STANFORD,1985,D,J,0
1629,1630,1,BERKELEY,1996,G,,0
1630,1631,1,UCLA,1980,J,L,1
1631,1632,1,HARVARD,1973,Q,D,0
1632,1633,1,MIT,1955,D,,0
1633,1634,1,HARVARD,1970,E,H,1
1634,1635,1,UBC,1995,Y,E,0
1635,1636,1,OXFORD,1998,E,J,0
1636,1637,1,DAVIS,2000,D,H,0
1637,1638,1,MIT,1972,G,D,0
1638,1639,1,MADISON,1990,I,L,0
1639,1640,1,CORNELL,1981,C,,0
1640,1641,1,UCSB,1998,H,,0
1641,1642,1,HARVARD,1978,I,D,0
1642,1643,1,UVA,1993,C,J,0
1643,1644,1,MINNESOTA,1975,D,C,0
1644,1645,1,OREGON,1993,Q,,0
1645,1646,1,YALE,1987,C,,0
1646,1647,1,NORTHWESTERN,1982,E,G,0
1647,1648,1,MIT,1996,E,J,1
1648,1649,1,YORK,1975,D,H,0
1649,1650,1,WASHINGTON,1972,Q,,0
1650,1651,1,CHICAGO,1988,J,O,0
1651,1652,1,JOHNS HOPKINS,1971,G,,0
1652,1653,1,PRINCETON,1985,R,D,0
1653,1654,1,MICHIGAN,1985,F,L,0
1654,1655,1,HARVARD,1964,L,D,0
1655,1656,1,CALTECH,2000,D,H,0
1656,1657,1,UPENN,1989,F,H,0
1657,1658,1,MIT,1991,E,H,0
1658,1659,1,MIT,1997,F,E,0
1659,1660,1,HARVARD,1992,D,C,0
1660,1661,1,STANFORD,1999,H,Q,0
1661,1662,1,OXFORD,1998,O,J,0
1662,1663,1,CORNELL,1991,H,D,0
1663,1664,1,CHICAGO,2002,J,I,0
1664,1665,1,TOULOUSE,1982,C,D,0
1665,1666,1,CAMBRIDGE,1995,D,C,0
1666,1667,1,MICHIGAN,1974,C,,0
1667,1668,1,MINNESOTA,1989,D,H,0
1668,1669,1,YALE,1970,C,,0
1669,1670,0,LSE,1999,O,H,0
1670,1671,0,BU,1996,O,H,0
1671,1672,1,MIT,1986,D,H,0
1672,1673,1,UPENN,2002,J,,0
1673,1674,1,BERLIN,1998,D,L,0
1674,1675,1,HARVARD,1998,F,,0
1675,1676,1,BERLIN,1998,L,G,0
1676,1677,1,HEBREW,2004,D,C,0
1677,1678,1,UPENN,1987,F,L,0
1678,1679,1,PRINCETON,1993,C,G,0
1679,1680,1,CHICAGO,1987,N,E,0
1680,1681,1,PRINCETON,2001,H,D,0
1681,1682,0,MINNESOTA,1986,C,D,0
1682,1683,0,BONN,1994,D,,0
1683,1684,1,ROCHESTER,2000,E,H,0
1684,1685,0,PITTSBURGH,1993,E,,0
1685,1686,1,UCL,2004,J,K,0
1686,1687,1,UPENN,1982,F,L,0
1687,1688,1,UBC,1977,C,,0
1688,1689,1,VIRGINIA,1993,L,D,0
1689,1690,1,MINNESOTA,1981,E,,0
1690,1691,1,MIT,2001,H,J,0
1691,1692,1,NORTHWESTERN,1975,D,H,0
1692,1693,1,YALE,1987,E,C,0
1693,1694,1,CHICAGO,1965,K,Q,0
1694,1695,1,HARVARD,1965,D,H,0
1695,1696,1,YALE,1992,F,L,0
1696,1697,1,UCL,2002,D,,0
1697,1698,0,HARVARD,1997,J,I,0
1698,1699,1,PRINCETON,1995,O,H,0
1699,1700,1,CORNELL,1990,D,,0
1700,1701,0,UCL,2007,J,H,0
1701,1702,1,BUFFALO,1970,J,,0
1702,1703,1,MICHIGAN,2001,L,D,0
1703,1704,1,MINNESOTA,1983,E,,0
1704,1705,1,CORNELL,1990,Q,O,0
1705,1706,1,STANFORD,1995,M,J,0
1706,1707,1,MIT,1999,H,G,0
1707,1708,1,OXFORD,2000,J,O,0
1708,1709,0,BROWN,2000,O,J,0
1709,1710,0,HARVARD,2004,J,O,0
1710,1711,1,MINNESOTA,1988,E,H,0
1711,1712,1,Bo?azi�i �niversitesi,1981,C,D,0
1712,1713,1,HARVARD,1998,O,G,0
1713,1714,0,PRINCETON,1993,E,C,0
1714,1715,1,Russian Academy of Science,2002,D,H,0
1715,1716,1,STANFORD,1998,D,K,0
1716,1717,1,ROCHESTER,1989,E,F,0
1717,1718,1,TEL AVIV,1976,D,C,0
1718,1719,1,KEIO,1997,D,C,0
1719,1720,1,CHICAGO,1993,I,J,0
1720,1721,1,MADISON,1997,M,,0
1721,1722,1,MIT,1983,L,H,0
1722,1723,0,STANFORD,1999,E,H,0
1723,1724,1,NYU,2003,D,C,0
1724,1725,0,YALE,2006,J,K,0
1725,1726,1,MADISON,2003,E,C,0
1726,1727,1,BERKELEY,1992,G,F,0
1727,1728,1,COLUMBIA,2001,G,O,0
1728,1729,1,BU,1998,O,F,0
1729,1730,0,STANFORD,1997,D,,0
1730,1731,1,INDIANA,1975,R,Q,0
1731,1732,1,CHICAGO,1966,J,,1
1732,1733,0,NORTHWESTERN,1991,D,H,0
1733,1734,1,UPENN,2000,E,H,0
1734,1735,1,CORNELL,1994,G,,0
1735,1736,1,WASHINGTON,1998,G,,0
1736,1737,1,HEBREW,1971,D,C,0
1737,1738,1,TORONTO,1991,E,F,0
1738,1739,1,PRINCETON,2004,O,I,0
1739,1740,1,SUNY,1993,C,,0
1740,1741,1,UCSB,1986,C,,0
1741,1742,1,BOSTON COLLEGE,2000,H,E,0
1742,1743,1,MICHIGAN,1995,E,H,0
1743,1744,1,VIENNA,1994,D,C,0
1744,1745,1,MADISON,1990,E,G,0
1745,1746,1,HARVARD,1991,D,L,0
1746,1747,1,YALE,1995,F,L,0
1747,1748,1,MIT,1985,E,O,0
1748,1749,1,QUEENS,1985,D,L,0
1749,1750,0,UBC,1999,O,J,0
1750,1751,1,CAMBRIDGE,1983,N,,0
1751,1752,1,PRINCETON,1994,C,,0
1752,1753,1,PRINCETON,1976,J,E,0
1753,1754,1,COPENHAGEN,1964,C,,0
1754,1755,1,SUNY,1993,C,D,0
1755,1756,0,PRINCETON,2003,I,H,0
1756,1757,1,CHICAGO,1981,C,G,0
1757,1758,1,MADISON,2000,G,C,0
1758,1759,1,MANNHEIN,1992,J,,0
1759,1760,1,OXFORD,1992,O,J,0
1760,1761,1,LSE,2002,C,,0
1761,1762,1,VIENNA,1987,D,H,0
1762,1763,1,BIRKBECK,1988,Z,,0
1763,1764,1,HARVARD,2002,D,H,0
1764,1765,1,YALE,1995,G,E,0
1765,1766,1,MIT,1988,I,,0
1766,1767,1,OSLO,1990,J,E,0
1767,1768,1,SSE,1993,J,L,0
1768,1769,1,COLUMBIA,2000,E,F,0
1769,1770,1,ZURICH,2005,D,H,0
1770,1771,0,CHICAGO,1994,E,,0
1771,1772,1,HARVARD,1989,H,,0
1772,1773,1,NORTHWESTERN,1988,H,D,0
1773,1774,1,MADISON,1984,E,G,0
1774,1775,0,UCSB,1975,F,E,0
1775,1776,1,CHICAGO,1983,J,K,0
1776,1777,1,BERKELEY,1982,E,,0
1777,1778,1,UBC,1990,C,J,0
1778,1779,1,TORONTO,1990,C,,0
1779,1780,1,MINNESOTA,1990,E,F,0
1780,1781,1,YALE,1991,C,E,0
1781,1782,1,MIT,1984,H,J,0
1782,1783,1,BERKELEY,1979,C,,0
1783,1784,1,MADISON,2000,F,L,0
1784,1785,1,CHICAGO,,,,0
1785,1786,1,UPENN,1973,L,Q,0
1786,1787,1,MADISON,1989,L,C,0
1787,1788,1,CALTECH,2002,H,D,0
1788,1789,1,MIT,1994,J,K,1
1789,1790,1,UCLA,1991,J,I,0
1790,1791,1,MICHIGAN,1998,I,J,0
1791,1792,1,YALE,1991,M,G,0
1792,1793,1,NORTHWESTERN,1968,H,D,0
1793,1794,1,CORNELL,1975,L,K,0
1794,1795,1,HARVARD,1988,G,,0
1795,1796,1,NORTHWESTERN,1982,D,C,0
1796,1797,1,HARVARD,1973,K,,0
1797,1798,1,HARVARD,1997,D,L,0
1798,1799,1,PURDUE,2002,H,D,0
1799,1800,1,STANFORD,1998,G,E,0
1800,1801,1,RIVERSIDE,2000,G,,0
1801,1802,1,CHICAGO,1997,O,J,0
1802,1803,1,YALE,1995,C,D,0
1803,1804,1,BU,2003,J,O,0
1804,1805,1,,,,,0
1805,1806,1,PENN STATE,2003,C,,0
1806,1807,1,CARNEGIE MELLON,1980,G,,0
1807,1808,0,STANFORD,1995,D,C,0
1808,1809,0,MINNESOTA,1996,L,F,0
1809,1810,0,INDIANA,1996,H,D,0
1810,1811,0,MIT,1999,I,J,0
1811,1812,0,UCL,2001,E,I,0
1812,1813,0,MIT,2000,C,,0
1813,1814,1,HARVARD,1992,E,J,0
1814,1815,1,STANFORD,1986,D,,0
1815,1816,1,UVA,2000,G,E,0
1816,1817,1,HARVARD,1998,H,K,0
1817,1818,1,LSE,1995,G,,0
1818,1819,0,UPENN,2001,C,D,0
1819,1820,0,PRINCETON,1996,G,E,0
1820,1821,0,CALTECH,1996,D,C,0
1821,1822,1,,,,,0
1822,1823,1,CHICAGO,1994,,,0
1823,1824,1,MADISON,1994,C,D,0
1824,1825,1,STANFORD,1997,C,D,0
1825,1826,1,UCSD,1999,E,E,0
1826,1827,1,CHICAGO,1996,G,,0
1827,1828,0,MIT,1998,E,,0
1828,1829,1,MINNESOTA,1992,C,G,0
1829,1830,1,PENN STATE,2002,E,,0
1830,1831,1,ROCHESTER,1975,C,D,0
1831,1832,0,MIT,1993,L,C,0
1832,1833,1,YALE,2001,L,M,0
1833,1834,0,PITTSBURGH,2001,D,C,0
1834,1835,1,ROCHESTER,1995,D,I,0
1835,1836,1,UPENN,1993,D,M,0
1836,1837,1,BERKELEY,1996,L,D,0
1837,1838,1,MINNESOTA,1995,E,Q,0
1838,1839,1,BERKELEY,1997,G,,0
1839,1840,1,UVA,1996,D,C,0
1840,1841,1,STANFORD,1967,D,H,0
1841,1842,1,PARIS,1987,C,J,0
1842,1843,1,PARIS,1991,H,F,0
1843,1844,1,YALE,2000,E,,0
1844,1845,1,MADISON,1992,I,H,0
1845,1846,1,VIRGINIA,1995,L,D,0
1846,1847,1,MIT,2002,R,D,0
1847,1848,1,UPENN,1971,E,G,0
1848,1849,1,SUNY,1979,G,E,0
1849,1850,1,MCMASTER,1998,J,I,0
1850,1851,1,STANFORD,1994,G,M,0
1851,1852,1,YALE,1976,I,,0
1852,1853,1,AMHERST,2001,J,I,0
1853,1854,1,HARVARD,1968,C,E,0
1854,1855,1,NORTHWESTERN,1985,L,D,0
1855,1856,1,OHIO,1974,J,,0
1856,1857,1,ROCHESTER,1994,I,R,0
1857,1858,1,PRINCETON,1989,C,J,0
1858,1859,1,HARVARD,1979,C,L,0
1859,1860,1,TOULOUSE,1998,G,,0
1860,1861,1,STANFORD,1996,L,D,0
1861,1862,1,LSE,1993,H,O,0
1862,1863,1,CALTECH,1981,D,H,0
1863,1864,1,YALE,1974,H,,0
1864,1865,1,BONN,1999,C,D,0
1865,1866,1,WASHINGTON,1984,H,D,0
1866,1867,1,NORTHWESTERN,2001,D,L,0
1867,1868,1,PARIS,1998,G,,0
1868,1869,1,BONN,1992,G,D,0
1869,1870,1,BROWN,2000,C,J,0
1870,1871,1,BERKELEY,2003,J,E,0
1871,1872,1,LSE,1987,D,C,0
1872,1873,1,UCSD,1986,G,C,0
1873,1875,1,STANFORD,1993,H,,0
1874,1876,1,OXFORD,1987,H,O,1
1875,1877,1,JOHNS HOPKINS,1999,C,D,0
1876,1878,1,UCLA,2000,J,D,0
1877,1879,1,PRINCETON,1980,L,D,0
1878,1880,1,ROCHESTER,1993,H,K,0
1879,1881,1,CHICAGO,1996,C,O,0
1880,1882,1,YALE,1979,F,O,0
1881,1883,1,PRINCETON,1993,C,,0
1882,1884,1,BERKELEY,1991,D,L,0
1883,1885,1,,,,,0
1884,1886,1,UCLA,1998,G,,0
1885,1887,1,STOCKHOLM,2003,J,G,0
1886,1888,1,NORTHWESTERN,2002,I,J,0
1887,1889,1,WYOMING,1999,Q,D,0
1888,1890,1,MIT,1997,H,R,0
1889,1891,1,COLUMBIA,1995,E,G,0
1890,1892,1,UPENN,1989,I,H,0
1891,1893,1,BERKELEY,1994,G,,0
1892,1894,1,PRINCETON,1990,G,,0
1893,1895,1,OSLO,1989,J,L,0
1894,1896,1,YALE,1992,G,,0
1895,1897,1,DUKE,1995,H,,0
1896,1898,1,LSE,1991,L,D,0
1897,1899,1,SSE,1982,H,E,0
1898,1900,1,UCSD,1975,L,Q,0
1899,1901,1,USC,1996,D,,0
1900,1902,1,BOSTON COLLEGE,1988,E,G,0
1901,1903,1,CHICAGO,2000,G,,0
1902,1904,1,NORTHWESTERN,2003,D,C,0
1903,1905,1,COLUMBIA,1971,C,I,0
1904,1906,1,STANFORD,1995,D,G,0
1905,1907,1,MUNSTER,1979,J,D,0
1906,1908,1,SSE,2003,E,,0
1907,1909,1,ST.GALLEN,2002,C,,0
1908,1910,0,HARVARD,2002,G,K,0
1909,1911,1,GENEVE,1994,E,G,0
1910,1912,1,TILBURG,1997,D,,0
1911,1913,1,ZURICH,1985,D,H,0
1912,1914,1,BONN,2003,O,H,0
1913,1915,1,HEBREW,1984,D,,0
1914,1916,1,RUTGERS,1970,H,Q,0
1915,1917,1,CARNEGIE MELLON,1981,E,O,0
1916,1918,0,STANFORD,1987,E,,1
1917,1919,0,BOSTON COLLEGE,2001,C,G,0
1918,1920,1,YALE,2010,J,,0
1919,1921,1,CORNELL,1998,D,C,0
1920,1922,1,CHICAGO,1972,R,,0
1921,1923,1,ULB,1972,D,L,0
1922,1924,1,MADRID,1995,C,,0
1923,1925,1,STANFORD,2000,C,,0
1924,1926,1,CHICAGO,1979,I,J,0
1925,1927,1,DAVIS,1996,D,L,0
1926,1928,0,TEXAS,2004,D,I,0
1927,1929,1,PRINCETON,1983,D,L,0
1928,1930,1,UPENN,1990,J,O,0
1929,1931,1,MIT,1976,C,D,1
1930,1932,1,UPENN,1996,E,G,0
1931,1933,1,UCSD,2000,F,,0
1932,1934,0,PURDUE,2000,E,G,0
1933,1935,1,LOMONOSOV MOSCOW,1987,C,,0
1934,1936,1,STANFORD,1995,E,,0
1935,1937,1,UBC,1984,J,K,0
1936,1938,1,LOUSIANA,1991,I,L,0
1937,1939,1,HARVARD,1978,Q,,0
1938,1940,1,LONDON,1949,D,H,0
1939,1941,1,MIT,1992,L,K,0
1940,1942,1,CARNEGIE MELLON,1965,E,,0
1941,1943,1,MICHIGAN,1994,O,H,0
1942,1944,1,DUKE,2001,G,E,0
1943,1945,1,CAMBRIDGE,1998,C,L,0
1944,1946,0,CHICAGO,1998,E,G,0
1945,1947,1,TORONTO,1996,F,G,0
1946,1948,1,VIENNA,1981,C,,0
1947,1949,1,COLUMBIA,2000,G,,0
1948,1950,1,PRINCETON,2005,I,L,0
1949,1951,1,MIT,1983,C,,1
1950,1952,1,BROWN,1992,J,,0
1951,1953,1,CHICAGO,1987,E,O,0
1952,1954,1,BERKELEY,1969,D,E,0
1953,1955,1,STANFORD,1999,L,I,0
1954,1956,1,PRINCETON,1991,R,G,0
1955,1957,1,CHICAGO,1944,N,B,0
1956,1958,1,STANFORD,1987,H,I,0
1957,1959,1,NORTHWESTERN,1998,D,C,0
1958,1960,1,MADISON,1995,D,H,0
1959,1961,1,HARVARD,1998,N,J,0
1960,1962,1,LOUSIANA,1988,G,,0
1961,1963,1,CALTECH,1980,D,L,0
1962,1964,1,CALTECH,1980,L,D,0
1963,1965,1,TULANE,1970,D,G,0
1964,1966,1,MIT,1981,J,E,0
1965,1967,1,PITTSBURGH,1981,J,O,0
1966,1968,1,WASHINGTON,1988,D,,0
1967,1969,1,MICHIGAN,2001,H,J,0
1968,1970,1,PRINCETON,2001,D,C,0
1969,1971,1,YALE,1995,E,F,0
1970,1972,1,UCLA,1992,D,H,0
1971,1973,1,BERKELEY,2003,Q,,0
1972,1974,1,UNKNOWN,2000,E,R,0
1973,1975,1,TOULOUSE,2000,D,L,0
1974,1976,1,CARNEGIE MELLON,1991,E,C,0
1975,1977,1,TOULOUSE,1978,E,G,0
1976,1978,1,HARVARD,1999,E,G,0
1977,1979,1,HARVARD,1990,E,,0
1978,1980,1,BERKELEY,1983,L,K,0
1979,1981,0,MADISON,2003,F,D,0
1980,1982,1,CHICAGO,1991,E,H,0
1981,1983,1,UCSD,1993,C,,0
1982,1984,1,HARVARD,1993,C,G,0
1983,1985,1,CALTECH,1995,D,H,0
1984,1986,1,CORNELL,1986,O,J,0
1985,1987,1,STANFORD,1991,L,G,0
1986,1988,1,HARVARD,2000,G,E,0
1987,1989,0,UCLA,2000,G,,0
1988,1990,1,HARVARD,1990,O,H,0
1989,1991,1,HARVARD,1993,G,F,0
1990,1992,1,YALE,2002,C,,0
1991,1993,0,HAIFA,1997,D,,0
1992,1994,1,BROWN,2000,F,O,0
1993,1995,1,BERKELEY,1995,R,,0
1994,1996,1,UCSD,1993,C,,0
1995,1997,1,ROCHESTER,1997,E,J,0
1996,1998,1,LONDON,2000,C,G,0
1997,1999,1,,,,,0
1998,2000,1,HEBREW,1997,D,C,0
1999,2001,1,YALE,1991,C,,0
2000,2002,1,YALE,1993,C,,0
2001,2003,1,BU,2003,D,L,0
2002,2004,1,ST GALLEN,1994,D,H,0
2003,2005,1,VIRGINIA,1990,D,,0
2004,2006,1,PARIS,1991,D,J,0
2005,2007,1,TILBURG,2005,D,C,0
2006,2008,1,Shandong University,1998,G,C,0
2007,2009,1,ARIZONA,2002,I,N,0
2008,2010,1,MINNESOTA,1997,E,G,0
2009,2011,1,YALE,1997,C,,0
2010,2012,1,ONTARIO,1991,J,L,0
2011,2013,1,YALE,2002,G,,0
2012,2014,1,HEBREW,1982,D,K,0
2013,2015,1,NORTHWESTERN,1995,K,D,0
2014,2016,1,JOHNS HOPKINS,1994,H,E,0
2015,2017,1,DUKE,1984,L,D,0
2016,2018,1,ZURICH,2005,D,J,0
2017,2019,1,YALE,1974,E,G,0
2018,2020,0,HOUSTON,2005,I,O,0
2019,2021,1,MADISON,1972,I,A,0
2020,2022,1,,,Z,I,0
2021,2023,0,MIT,1994,L,K,0
2022,2024,1,PARIS,1978,C,,0
2023,2025,1,MINNESOTA,1978,C,G,0
2024,2026,0,HARVARD,1978,O,C,0
2025,2027,1,BROWN,1975,J,C,0
